Date,Open,High,Low,Close,Adj Close,Volume
2015-11-02,4644.5,4699.5,4625,4694,4694,162655
2015-11-03,4688.25,4727.5,4677,4712,4712,186758
2015-11-04,4711.75,4729.75,4691.25,4709.5,4709.5,231004
2015-11-05,4708.25,4727.5,4673.75,4695.25,4695.25,246167
2015-11-06,4700.75,4708.75,4658.75,4703,4703,276682
2015-11-09,4701.25,4712.75,4622,4652.75,4652.75,256938
2015-11-10,4650,4662.25,4612.5,4643,4643,241859
2015-11-11,4640.25,4674.75,4625.25,4631.75,4631.75,221698
2015-11-12,4631.25,4653.25,4581.25,4585.25,4585.25,268158
2015-11-13,4583.75,4590.5,4485.75,4502,4502,344229
2015-11-16,4478.25,4565.5,4455,4559.75,4559.75,282188
2015-11-17,4560.75,4597.75,4552,4569.5,4569.5,269684
2015-11-18,4570.25,4656.75,4556.25,4652.5,4652.5,242823
2015-11-19,4649.75,4677,4646.75,4660,4660,217266
2015-11-20,4656.75,4691.5,4652.25,4689.5,4689.5,177125
2015-11-23,4689.5,4706.75,4653.75,4675.75,4675.75,163322
2015-11-24,4673.75,4684.5,4620,4666,4666,230131
2015-11-25,4665,4684.5,4659.5,4677.25,4677.25,119712
2015-11-27,4679.75,4703.25,4664.75,4682.5,4682.5,105382
2015-11-30,4685.5,4700.5,4653.5,4668.75,4668.75,179766
2015-12-01,4678.75,4716.75,4676.5,4716.25,4716.25,228425
2015-12-02,4715,4739.5,4678.5,4694.5,4694.5,231812
2015-12-03,4698.75,4730.25,4579,4611,4611,379530
2015-12-04,4616,4723.25,4603,4713.25,4713.25,305073
2015-12-07,4721.25,4730,4670.5,4701,4701,224657
2015-12-08,4699.75,4709,4641.25,4687.25,4687.25,299288
2015-12-09,4690.5,4707.5,4593.25,4616,4616,388709
2015-12-10,4624,4674.5,4618.25,4644,4644,302768
2015-12-11,4646.25,4659,4527.5,4539.25,4539.25,226524
2015-12-14,4534.5,4579.5,4477.25,4566.5,4566.5,156220
2015-12-15,4571.5,4639,4566.75,4606,4606,151196
2015-12-16,4607.5,4674.5,4580,4663,4663,71664
2015-12-17,4656.75,4689.5,4574,4577.75,4577.75,49751
2015-12-18,4577,4597,4552.5,4576,4576,340479
2015-12-21,4513.75,4571.75,4511.75,4563,4563,176610
2015-12-22,4569,4594.5,4541.25,4591,4591,166650
2015-12-23,4590.5,4620.25,4583,4606.75,4606.75,147737
2015-12-24,4607.75,4630,4600.75,4611,4611,62054
2015-12-28,4611,4619.5,4571.5,4613.75,4613.75,113567
2015-12-29,4617.75,4697.75,4610.5,4690.5,4690.5,158098
2015-12-30,4687.25,4695,4643.5,4646,4646,117427
2015-12-31,4648,4655,4579.5,4587.75,4587.75,160705
2016-01-04,4592.5,4606.75,4429.75,4504.5,4504.5,368671
2016-01-05,4505.5,4523,4457.25,4483.75,4483.75,301175
2016-01-06,4482,4487.5,4386,4446.75,4446.75,346779
2016-01-07,4450.25,4458.5,4283,4289.25,4289.25,501315
2016-01-08,4298,4370,4255.75,4261.5,4261.5,480513
2016-01-11,4264.25,4304.5,4208.75,4273,4273,435576
2016-01-12,4272.25,4345.75,4236.5,4312.75,4312.75,417581
2016-01-13,4308.75,4365,4167.25,4175.75,4175.75,521065
2016-01-14,4181.5,4300.5,4124,4257.5,4257.5,526505
2016-01-15,4255,4268.75,4075.75,4140.75,4140.75,567530
2016-01-18,null,null,null,null,null,null
2016-01-19,4126.75,4215.75,4091.25,4144.5,4144.5,475760
2016-01-20,4141,4171.5,3983.5,4133,4133,628240
2016-01-21,4130.75,4192.25,4085.75,4130.25,4130.25,554096
2016-01-22,4126.25,4253,4119,4247.5,4247.5,328593
2016-01-25,4247.5,4260,4179.25,4186.75,4186.75,287599
2016-01-26,4190,4243.75,4133,4226.75,4226.75,327223
2016-01-27,4195.25,4218.75,4102,4127,4127,408523
2016-01-28,4150.25,4199,4106.75,4153.75,4153.75,414082
2016-01-29,4135,4271.25,4129,4263,4263,328862
2016-02-01,4263.25,4309.25,4228.5,4291.5,4291.5,263363
2016-02-02,4286.5,4287,4170.75,4192,4192,314726
2016-02-03,4186,4215,4090.5,4171.5,4171.5,484500
2016-02-04,4169.75,4206.5,4113.5,4155.75,4155.75,383175
2016-02-05,4146.5,4173.5,4001,4022,4022,443077
2016-02-08,4027.25,4046,3883,3964.25,3964.25,542371
2016-02-09,3958.5,4004,3897.5,3944.25,3944.25,499993
2016-02-10,3954.5,4041,3922.25,3967.25,3967.25,426911
2016-02-11,3963,3985.5,3862.5,3961.25,3961.25,504866
2016-02-12,3963.25,4017.5,3953,4006.25,4006.25,307347
2016-02-15,null,null,null,null,null,null
2016-02-16,4021.5,4104.75,4021.5,4092.75,4092.75,320588
2016-02-17,4089.75,4211.5,4068.25,4196.75,4196.75,291649
2016-02-18,4208.25,4227.5,4144,4155,4155,254579
2016-02-19,4156.25,4175,4120.25,4161,4161,229019
2016-02-22,4155.25,4234,4146.5,4214.75,4214.75,189979
2016-02-23,4207.25,4216.5,4154.5,4159.25,4159.25,227805
2016-02-24,4156.5,4218.5,4084.75,4208.5,4208.5,336253
2016-02-25,4214.5,4247.75,4170.25,4244.25,4244.25,265546
2016-02-26,4243,4293.25,4225,4230,4230,272803
2016-02-29,4225.25,4263.25,4184.5,4201.25,4201.25,250315
2016-03-01,4199.25,4338.75,4180.25,4337.75,4337.75,295763
2016-03-02,4334.5,4357.75,4299.25,4329.25,4329.25,265748
2016-03-03,4326.75,4344.5,4293.5,4320.25,4320.25,202256
2016-03-04,4323,4355,4298,4322.5,4322.5,289076
2016-03-07,4321,4330,4268.75,4300,4300,246815
2016-03-08,4301,4308.75,4251.5,4270.5,4270.5,293547
2016-03-09,4271,4299,4256.75,4294.5,4294.5,238221
2016-03-10,4295.25,4347.5,4229.75,4285,4285,392234
2016-03-11,4287.25,4361.25,4282.5,4352.75,4352.75,156647
2016-03-14,4352.75,4378.25,4340.5,4366,4366,106669
2016-03-15,4364.75,4372,4338,4364.5,4364.5,71625
2016-03-16,4366.25,4416.5,4349,4397.5,4397.5,65619
2016-03-17,4396.75,4422,4369,4402.25,4402.25,51815
2016-03-18,4404.75,4418.25,4394,4414.25,4414.25,240454
2016-03-21,4394.75,4421.25,4376.75,4416.25,4416.25,169724
2016-03-22,4416,4440.5,4383.75,4434.5,4434.5,190219
2016-03-23,4434.75,4441.25,4383.25,4395.5,4395.5,212040
2016-03-24,4395,4401,4365,4397.25,4397.25,196013
2016-03-28,4401.5,4425.75,4381.5,4389.5,4389.5,133720
2016-03-29,4389.75,4463.5,4374,4458.25,4458.25,229527
2016-03-30,4460.75,4510.25,4456.5,4482,4482,222490
2016-03-31,4480.25,4495.5,4462.25,4476.25,4476.25,190526
2016-04-01,4477.75,4529.5,4441.5,4528.5,4528.5,245916
2016-04-04,4526.75,4543.75,4495.25,4500.25,4500.25,189635
2016-04-05,4499.75,4501.5,4456.5,4469.5,4469.5,218944
2016-04-06,4476,4537.75,4467.25,4535,4535,241958
2016-04-07,4533.5,4539.5,4450.75,4470.25,4470.25,260817
2016-04-08,4467.5,4509.75,4451.5,4467.25,4467.25,232565
2016-04-11,4470,4509.75,4446,4451.5,4451.5,243297
2016-04-12,4447,4497.5,4426.5,4490,4490,252487
2016-04-13,4489,4553.75,4486.75,4547.75,4547.75,228380
2016-04-14,4546.5,4563.25,4530.5,4546.25,4546.25,163850
2016-04-15,4548.75,4554.5,4523,4538.5,4538.5,171811
2016-04-18,4518.75,4561.25,4501,4546.5,4546.5,179869
2016-04-19,4545.5,4584.5,4506.75,4526.75,4526.75,256892
2016-04-20,4528.25,4556,4509,4535.75,4535.75,193071
2016-04-21,4533.25,4551.75,4488,4497.75,4497.75,239652
2016-04-22,4488.25,4501.75,4431,4465.75,4465.75,285544
2016-04-25,4477,4479.75,4436,4472.25,4472.25,172474
2016-04-26,4472.25,4489.75,4407,4452.5,4452.5,212776
2016-04-27,4405,4433.75,4372.25,4423.75,4423.75,306378
2016-04-28,4432,4442.25,4346.25,4382,4382,306766
2016-04-29,4383.5,4391.25,4296.75,4331.5,4331.5,402426
2016-05-02,4337,4378.5,4318,4369,4369,221470
2016-05-03,4372,4374.5,4319.5,4334.5,4334.5,270601
2016-05-04,4335.5,4342,4292.25,4309.75,4309.75,235256
2016-05-05,4308.25,4342.5,4292.5,4300.25,4300.25,221674
2016-05-06,4299.25,4333.75,4271,4328.25,4328.25,262686
2016-05-09,4329.75,4356.5,4318,4335.75,4335.75,206931
2016-05-10,4334.75,4398.75,4323.75,4392,4392,204247
2016-05-11,4394.25,4403,4350.75,4351.5,4351.5,208025
2016-05-12,4352.5,4381.75,4305.75,4334.75,4334.75,262049
2016-05-13,4337.25,4360.5,4303.75,4324,4324,249877
2016-05-16,4316,4392,4305.5,4375.25,4375.25,197887
2016-05-17,4372.75,4393.75,4308,4319.5,4319.5,256918
2016-05-18,4321,4359,4301,4332.25,4332.25,305289
2016-05-19,4337.75,4340.75,4280.75,4317.25,4317.25,272694
2016-05-20,4317,4379,4314.5,4362.25,4362.25,244244
2016-05-23,4367.75,4381.5,4348.25,4352.5,4352.5,167178
2016-05-24,4351.5,4448.75,4341.75,4445.25,4445.25,239635
2016-05-25,4445.5,4489.5,4443,4474.75,4474.75,253726
2016-05-26,4473.5,4495.5,4463.5,4492.25,4492.25,163693
2016-05-27,4494,4513.5,4490.25,4510,4510,153739
2016-05-31,4518.25,4528.25,4497.5,4524.25,4524.25,209605
2016-06-01,4522,4537.5,4502.75,4521.5,4521.5,194470
2016-06-02,4520.5,4533,4486.25,4532.25,4532.25,179288
2016-06-03,4530.25,4538.75,4478.75,4509,4509,225458
2016-06-06,4511,4536.5,4504,4525.5,4525.5,164530
2016-06-07,4524.5,4545.5,4511.25,4514.25,4514.25,155623
2016-06-08,4512.5,4530.25,4504,4519,4519,172285
2016-06-09,4518.25,4522.5,4493.5,4512,4512,236706
2016-06-10,4513,4514.25,4446.25,4465.75,4465.75,141333
2016-06-13,4458.75,4461.75,4419.25,4426.25,4426.25,115256
2016-06-14,4419.25,4440.5,4391.75,4425.25,4425.25,94710
2016-06-15,4424,4444,4404.25,4412.75,4412.75,68451
2016-06-16,4409.75,4429,4361,4424.75,4424.75,49749
2016-06-17,4423.25,4439.5,4410,4417.25,4417.25,250757
2016-06-20,4383,4436.75,4383,4390,4390,195423
2016-06-21,4398.5,4415.75,4388.25,4400.25,4400.25,194521
2016-06-22,4397.25,4434,4391,4394.5,4394.5,190665
2016-06-23,4409.75,4479.25,4408,4462.5,4462.5,194791
2016-06-24,4482.75,4494,4234.5,4262.25,4262.25,497350
2016-06-27,4250,4267.75,4167.75,4178,4178,413249
2016-06-28,4176.25,4284.5,4176,4281,4281,258268
2016-06-29,4281.25,4380,4268.25,4362.75,4362.75,260013
2016-06-30,4375,4410.5,4338.5,4407,4407,242965
2016-07-01,4397,4446.25,4386.25,4433.25,4433.25,176656
2016-07-05,4438.75,4451.5,4377.5,4404,4404,200656
2016-07-06,4406,4440.5,4365.75,4439.5,4439.5,253791
2016-07-07,4434.75,4461.25,4427.5,4452.25,4452.25,184871
2016-07-08,4451.75,4523.25,4439.75,4517.25,4517.25,234625
2016-07-11,4519.5,4563.5,4515.75,4549.5,4549.5,182422
2016-07-12,4552.75,4582,4546.75,4569.75,4569.75,190097
2016-07-13,4571.75,4584.5,4558.5,4561.25,4561.25,190027
2016-07-14,4561,4608.25,4553.5,4590,4590,191874
2016-07-15,4585,4603.5,4550.25,4579.25,4579.25,171716
2016-07-18,4580,4621.75,4577,4608.25,4608.25,183261
2016-07-19,4609.5,4611.25,4588.25,4606.5,4606.5,165175
2016-07-20,4609,4659,4597.75,4650.5,4650.5,182311
2016-07-21,4654,4662.25,4626.75,4638.25,4638.25,181960
2016-07-22,4638.5,4664.5,4628.5,4657.25,4657.25,152974
2016-07-25,4659.25,4669.5,4643.5,4653.75,4653.75,146154
2016-07-26,4658.5,4688.25,4641,4663.75,4663.75,209762
2016-07-27,4691.25,4714,4676.75,4707.75,4707.75,230410
2016-07-28,4710.25,4732,4689.5,4719.75,4719.75,220001
2016-07-29,4731.75,4736.5,4709,4726.75,4726.75,207360
2016-08-01,4737.5,4760.25,4721,4744.5,4744.5,199516
2016-08-02,4749.25,4759.5,4681.75,4714.25,4714.25,261263
2016-08-03,4713.25,4729.25,4698,4728.25,4728.25,170596
2016-08-04,4726.5,4747,4715,4743.75,4743.75,167881
2016-08-05,4745,4797.75,4742.5,4783,4783,180947
2016-08-08,4784.75,4800.75,4766.25,4779.25,4779.25,132186
2016-08-09,4780.5,4807.75,4777.5,4791.75,4791.75,134336
2016-08-10,4793.5,4800.25,4767.25,4781.5,4781.5,141495
2016-08-11,4782.25,4811,4775.75,4800,4800,147601
2016-08-12,4800,4806.75,4787,4804.25,4804.25,131960
2016-08-15,4806.75,4835.25,4805,4822.75,4822.75,130170
2016-08-16,4822.75,4824.5,4796.5,4798.5,4798.5,156061
2016-08-17,4800.75,4809.75,4772,4804,4804,197778
2016-08-18,4808.25,4814,4792.75,4808.5,4808.5,149002
2016-08-19,4808,4816.75,4785,4807,4807,194623
2016-08-22,4809.25,4818,4789.5,4811.75,4811.75,196397
2016-08-23,4809.25,4836.75,4807.75,4817,4817,160448
2016-08-24,4818.5,4823.5,4770.75,4786.25,4786.25,190472
2016-08-25,4786.5,4794,4768.25,4782.25,4782.25,194394
2016-08-26,4783.5,4817.5,4757.25,4785.75,4785.75,281261
2016-08-29,4786,4805.75,4774,4793.25,4793.25,146925
2016-08-30,4795,4798.5,4759.75,4776,4776,186259
2016-08-31,4778.25,4779.25,4751.5,4773.75,4773.75,198477
2016-09-01,4774,4795.25,4749.5,4777.5,4777.5,248348
2016-09-02,4777.5,4817.75,4774.25,4795.25,4795.25,227919
2016-09-06,4801.25,4831.5,4782.25,4827.5,4827.5,208188
2016-09-07,4830.25,4839.5,4812.5,4828.75,4828.75,193455
2016-09-08,4827.75,4837,4789.5,4796,4796,251333
2016-09-09,4796,4798,4665,4671,4671,265154
2016-09-12,4671,4772,4629,4766.75,4766.75,178342
2016-09-13,4763.25,4764.75,4699.25,4727.75,4727.75,142822
2016-09-14,4732.75,4771,4724,4732.5,4732.5,77624
2016-09-15,4734,4826.75,4720.5,4817.75,4817.75,61726
2016-09-16,4813.25,4828.75,4799,4817,4817,285889
2016-09-19,4814.75,4841.75,4782.5,4794.25,4794.25,235031
2016-09-20,4796.75,4820.5,4790,4798.5,4798.5,195027
2016-09-21,4800,4854.5,4788.5,4850,4850,291231
2016-09-22,4849,4892.25,4842.75,4886.25,4886.25,196512
2016-09-23,4887.25,4889.75,4848.25,4856.5,4856.5,197323
2016-09-26,4852,4859.5,4807.5,4815,4815,209587
2016-09-27,4813.75,4864.5,4800.75,4860.75,4860.75,227156
2016-09-28,4857.5,4873.25,4844.75,4868.25,4868.25,208679
2016-09-29,4866.75,4876.5,4812.5,4844.25,4844.25,306337
2016-09-30,4839.25,4885.5,4811.75,4870.25,4870.25,248154
2016-10-03,4867.25,4879.5,4842.75,4865.75,4865.75,177125
2016-10-04,4866.75,4888,4836.25,4857.5,4857.5,276978
2016-10-05,4856.5,4888.5,4849.25,4873.5,4873.5,182962
2016-10-06,4874,4881,4845.5,4872,4872,187196
2016-10-07,4870.25,4883.75,4834.75,4859,4859,281205
2016-10-11,4892,4897.25,4798,4827,4827,316603
2016-10-12,4822.25,4842,4800.25,4813.5,4813.5,234222
2016-10-13,4804.75,4813,4754.5,4796,4796,297938
2016-10-14,4796,4841,4786.25,4804.25,4804.25,237878
2016-10-17,4803.5,4810.5,4781,4803.25,4803.25,179668
2016-10-18,4802.25,4856.75,4799.75,4827,4827,205551
2016-10-19,4823.75,4840.25,4811,4830.25,4830.25,148339
2016-10-20,4828.25,4847.25,4798.75,4843.75,4843.75,248117
2016-10-21,4844.25,4849,4814.75,4843.25,4843.25,188661
2016-10-24,4847.25,4908.75,4842.75,4902.75,4902.75,182257
2016-10-25,4906.25,4919.5,4873.5,4886,4886,184984
2016-10-26,4874,4881.75,4839.5,4853.75,4853.75,234117
2016-10-27,4852,4880.25,4804.25,4807,4807,261342
2016-10-28,4818.25,4843.25,4786.5,4806,4806,325145
2016-10-31,4795.25,4830,4788.25,4796.75,4796.75,199169
2016-11-01,4802.75,4817,4718.75,4757.25,4757.25,307806
2016-11-02,4754.5,4768.5,4708.25,4716.75,4716.75,300313
2016-11-03,4700,4729.5,4668.25,4674.5,4674.5,280599
2016-11-04,4671.25,4695.5,4651.25,4657.75,4657.75,264048
2016-11-07,4709.75,4781.75,4709.75,4775.75,4775.75,223773
2016-11-08,4777.5,4822.5,4752.75,4802.25,4802.25,219987
2016-11-09,4807.25,4837.5,4558.5,4820.5,4820.5,719499
2016-11-10,4817.5,4879.75,4679.25,4743.75,4743.75,555100
2016-11-14,4753,4784.5,4672.75,4694.5,4694.5,285041
2016-11-15,4692.75,4779.25,4688,4766,4766,238486
2016-11-16,4765,4794.75,4736.25,4783.25,4783.25,195711
2016-11-17,4781.5,4831.5,4778,4828.5,4828.5,190166
2016-11-18,4828.75,4840.5,4803,4808.5,4808.5,168797
2016-11-21,4813.5,4862,4803.25,4854,4854,167542
2016-11-22,4858,4884.75,4857,4874.75,4874.75,157465
2016-11-23,4877.25,4882.5,4830.25,4849.5,4849.5,159650
2016-11-25,4850.5,4870,4839.5,4868.5,4868.5,75485
2016-11-28,4864.25,4879.75,4842.75,4861,4861,143185
2016-11-29,4861,4897.75,4847.5,4875,4875,175916
2016-11-30,4872.5,4885.5,4812.5,4816,4816,231494
2016-12-01,4819,4827.5,4722.75,4736.5,4736.5,291375
2016-12-02,4735.5,4759,4707.25,4738.5,4738.5,235325
2016-12-05,4719,4795.75,4701.5,4780.5,4780.5,207428
2016-12-06,4780.75,4796.5,4767.75,4786.75,4786.75,185123
2016-12-07,4788.75,4854.75,4763.5,4841.75,4841.75,232690
2016-12-08,4844.5,4869.5,4836,4863,4863,225777
2016-12-09,4861.25,4897.5,4852.5,4893.75,4893.75,133170
2016-12-12,4899,4917,4852.5,4867.75,4867.75,124198
2016-12-13,4867,4962,4861.5,4937.75,4937.75,131855
2016-12-14,4939.5,4956.5,4910.25,4931.75,4931.75,74019
2016-12-15,4928.5,4960.75,4917.5,4934.5,4934.5,48306
2016-12-16,4938,4948.25,4930.25,4943.5,4943.5,185358
2016-12-19,4915.75,4966.25,4912.5,4938.75,4938.75,146138
2016-12-20,4939.5,4963.25,4938.5,4956,4956,109979
2016-12-21,4956,4960,4939.25,4949.5,4949.5,90653
2016-12-22,4948,4953,4917,4936.5,4936.5,110522
2016-12-23,4933.75,4943.75,4922.75,4942.25,4942.25,69061
2016-12-27,4942,4994.5,4940,4961.25,4961.25,100365
2016-12-28,4961.25,4979.25,4920.25,4923.75,4923.75,136664
2016-12-29,4923.75,4933.5,4901.25,4918.5,4918.5,121556
2016-12-30,4920.5,4940,4850,4864,4864,197659
2017-01-03,4876.75,4927.5,4876.75,4906.25,4906.25,215983
2017-01-04,4906.5,4942.5,4903,4933.5,4933.5,171952
2017-01-05,4934.75,4964.25,4920.5,4962,4962,169565
2017-01-06,4962.5,5017.5,4952.5,5004,5004,183315
2017-01-09,5004.5,5029.5,5002.5,5022,5022,148112
2017-01-10,5022,5047,5007.25,5031.25,5031.25,153774
2017-01-11,5032.75,5048.25,5007.5,5046.5,5046.5,218752
2017-01-12,5044.5,5044.75,4990.25,5034.75,5034.75,212324
2017-01-13,5035.25,5063.25,5035.25,5061.25,5061.25,136613
2017-01-17,5056.25,5059,5025,5040.25,5040.25,198098
2017-01-18,5040.5,5057.25,5034,5054.5,5054.5,159690
2017-01-19,5053.25,5074.75,5036.5,5053.5,5053.5,185603
2017-01-20,5055.5,5083,5044.75,5058.25,5058.25,216184
2017-01-23,5059,5069.75,5030.25,5063.5,5063.5,181150
2017-01-24,5063.75,5104,5060,5096.25,5096.25,141578
2017-01-25,5100,5150,5099.75,5146.5,5146.5,153214
2017-01-26,5148.25,5168.5,5141.75,5147.75,5147.75,173375
2017-01-27,5144.25,5167.5,5139.25,5162.5,5162.5,138335
2017-01-30,5146.25,5154.5,5094.5,5124.5,5124.5,249340
2017-01-31,5123.5,5135,5083.25,5112.75,5112.75,214696
2017-02-01,5132,5158.25,5123,5148.5,5148.5,237364
2017-02-02,5147.75,5157.5,5119.5,5131,5131,209875
2017-02-03,5129.5,5162.25,5119.75,5155,5155,181444
2017-02-06,5157.25,5163.5,5140.25,5157.75,5157.75,145402
2017-02-07,5157,5192,5154.25,5176.75,5176.75,164423
2017-02-08,5175,5197,5163.5,5191.25,5191.25,166260
2017-02-09,5189.75,5219.25,5186.25,5212.25,5212.25,157897
2017-02-10,5211.25,5232.5,5209.75,5226.75,5226.75,147032
2017-02-13,5229.25,5261.5,5226.75,5259.25,5259.25,144520
2017-02-14,5259.25,5278,5239.75,5276,5276,166904
2017-02-15,5274.5,5313.5,5265.25,5310,5310,168262
2017-02-16,5313,5317,5288.5,5300.5,5300.5,209931
2017-02-17,5300.25,5328.75,5286.75,5325.75,5325.75,170805
2017-02-21,5323.5,5353.75,5320.5,5343.75,5343.75,192758
2017-02-22,5345.5,5355.5,5336.25,5351,5351,156582
2017-02-23,5352.5,5361.25,5310.75,5332,5332,240394
2017-02-24,5329.25,5344.5,5299,5343.25,5343.25,211944
2017-02-27,5340,5352.5,5323.25,5347.5,5347.5,153779
2017-02-28,5345,5350,5317,5332.25,5332.25,168037
2017-03-01,5334.5,5400,5332,5386,5386,241769
2017-03-02,5382.75,5393.75,5356.25,5364.75,5364.75,206020
2017-03-03,5358.75,5373.5,5344.25,5372,5372,176727
2017-03-06,5369,5374.5,5339,5361,5361,166727
2017-03-07,5354.75,5374.25,5341.5,5349.75,5349.75,180791
2017-03-08,5350,5377.25,5333.75,5363,5363,221615
2017-03-09,5362.25,5372,5335.5,5366.75,5366.75,249227
2017-03-10,5370,5395.25,5363,5382,5382,159754
2017-03-13,5381,5396.5,5371.75,5395.5,5395.5,85360
2017-03-14,5394.5,5396.75,5360,5381.5,5381.5,92067
2017-03-15,5380.5,5427.25,5376,5415.25,5415.25,63828
2017-03-16,5412.25,5440,5398.75,5413,5413,35580
2017-03-17,5411.75,5423,5405.75,5417.25,5417.25,143955
2017-03-20,5407.25,5428,5396,5418.5,5418.5,144687
2017-03-21,5415.75,5441,5330,5338.25,5338.25,414738
2017-03-22,5334.25,5376.25,5315,5365.75,5365.75,335865
2017-03-23,5365.5,5378.5,5347.25,5354.5,5354.5,269772
2017-03-24,5357,5395,5347.5,5378.75,5378.75,294980
2017-03-27,5360,5385.75,5317.25,5379,5379,276499
2017-03-28,5382.5,5424.75,5363.5,5405,5405,245032
2017-03-29,5409,5437.5,5404.75,5436,5436,173940
2017-03-30,5436,5451,5426.5,5437.5,5437.5,163121
2017-03-31,5440.75,5452.75,5421,5438.5,5438.5,166661
2017-04-03,5436.75,5455,5403.25,5434.5,5434.5,264740
2017-04-04,5432.75,5448,5406.75,5444,5444,195119
2017-04-05,5447,5481.25,5409,5416.25,5416.25,301129
2017-04-06,5414,5437.25,5390,5422.75,5422.75,287867
2017-04-07,5426.75,5436,5382.75,5421.25,5421.25,243807
2017-04-10,5420.75,5443.75,5405.75,5422.25,5422.25,197534
2017-04-11,5426.75,5429.25,5358,5401.75,5401.75,332142
2017-04-12,5402.75,5412.75,5369,5372.75,5372.75,251108
2017-04-13,5369,5399.5,5347.5,5359,5359,278784
2017-04-17,5352.75,5399.5,5347.75,5395.25,5395.25,148626
2017-04-18,5397.5,5405.25,5375.5,5389.25,5389.25,246219
2017-04-19,5389.75,5430.75,5388.75,5397.75,5397.75,213579
2017-04-20,5398,5454.75,5394.5,5442.75,5442.75,231392
2017-04-21,5445,5454.75,5427.5,5442,5442,193756
2017-04-24,5471,5512.75,5471,5504,5504,212519
2017-04-25,5502,5557.25,5499,5548.25,5548.25,172850
2017-04-26,5546.75,5562.5,5535,5536.25,5536.25,221754
2017-04-27,5535.25,5599,5534.25,5591,5591,194734
2017-04-28,5584.5,5597.75,5571.75,5580.5,5580.5,185941
2017-05-01,5581,5637.25,5573.5,5630.75,5630.75,166028
2017-05-02,5629,5641.75,5622.5,5639.75,5639.75,169050
2017-05-03,5621,5631,5606,5613.25,5613.25,206431
2017-05-04,5609,5634,5603.75,5625.75,5625.75,223464
2017-05-05,5627,5649.5,5612.5,5648.25,5648.25,166263
2017-05-08,5658.25,5660.5,5634.5,5655.5,5655.5,164353
2017-05-09,5654.25,5687.75,5650.75,5676.25,5676.25,194000
2017-05-10,5678.5,5679.75,5658.25,5675.5,5675.5,174081
2017-05-11,5674.75,5676.25,5636.25,5670.75,5670.75,238806
2017-05-12,5670,5689.75,5656.5,5689,5689,186832
2017-05-15,5689.5,5706.5,5682.5,5701.25,5701.25,180918
2017-05-16,5705,5727.25,5696.25,5724.25,5724.25,183423
2017-05-17,5723.5,5724,5574.75,5578.75,5578.75,506880
2017-05-18,5575.5,5648.5,5550.5,5630.5,5630.5,522258
2017-05-19,5631.5,5676.5,5622,5653.25,5653.25,292202
2017-05-22,5652.75,5704.25,5648.75,5702,5702,198203
2017-05-23,5701.5,5718.5,5688.5,5711.5,5711.5,219010
2017-05-24,5709.5,5734.5,5705.25,5731.25,5731.25,191514
2017-05-25,5731.5,5795.5,5731.25,5782,5782,239940
2017-05-26,5781.25,5796.5,5772.75,5792.25,5792.25,163404
2017-05-30,5793,5803.5,5778.25,5792,5792,197717
2017-05-31,5792.5,5819.25,5763.75,5793.25,5793.25,332645
2017-06-01,5804.75,5824,5780.5,5822,5822,266069
2017-06-02,5823.75,5886.75,5822,5886,5886,298205
2017-06-05,5878.25,5891.25,5872.75,5880.75,5880.75,177414
2017-06-06,5880.25,5893.25,5848.5,5863.25,5863.25,257087
2017-06-07,5862.25,5884.75,5845.75,5879.75,5879.75,274935
2017-06-08,5877.75,5897.75,5853.5,5885,5885,266471
2017-06-09,5872.5,5898.75,5660.25,5740.5,5740.5,425289
2017-06-12,5740.5,5746.5,5634.5,5711,5711,260181
2017-06-13,5713.25,5760.25,5706.75,5751.25,5751.25,144808
2017-06-14,5752.25,5780,5680,5725.25,5725.25,120807
2017-06-15,5722.75,5724.5,5633.75,5702.5,5702.5,64524
2017-06-16,5701.5,5720,5685,5702,5702,356290
2017-06-19,5694.25,5782.5,5683.25,5766,5766,271968
2017-06-20,5766.75,5784,5729,5732.75,5732.75,301241
2017-06-21,5728.25,5796.5,5699,5796,5796,319202
2017-06-22,5793.25,5814.5,5770.75,5785.75,5785.75,233021
2017-06-23,5785.5,5815.5,5763,5812.25,5812.25,213552
2017-06-26,5803,5852,5768,5778.25,5778.25,311741
2017-06-27,5780.75,5784,5669,5676.5,5676.5,418001
2017-06-28,5673.75,5768.75,5632,5763.5,5763.5,396603
2017-06-29,5766.25,5776,5601,5653,5653,604720
2017-06-30,5648.25,5686.5,5623.5,5652.75,5652.75,336513
2017-07-03,null,null,null,null,null,null
2017-07-05,5591.25,5667.75,5560.25,5651.5,5651.5,392297
2017-07-06,5650.5,5652.75,5580,5596.75,5596.75,370735
2017-07-07,5598.5,5676.5,5591.5,5655.75,5655.75,266767
2017-07-10,5663,5711.5,5650,5694,5694,241360
2017-07-11,5692,5722.5,5667.5,5720,5720,283454
2017-07-12,5719.5,5790,5712.75,5785.75,5785.75,262329
2017-07-13,5786.75,5812,5777.25,5797.5,5797.5,240958
2017-07-14,5799.5,5847.75,5787.75,5843.25,5843.25,230871
2017-07-17,5843.5,5863.75,5831.25,5855,5855,217890
2017-07-18,5858.25,5898.5,5820.25,5882.75,5882.75,246038
2017-07-19,5895.5,5925,5889,5918.25,5918.25,233290
2017-07-20,5919.5,5938.5,5897,5925.25,5925.25,265354
2017-07-21,5930.75,5931.25,5890.5,5918.75,5918.75,254484
2017-07-24,5919.25,5954.75,5905,5934,5934,195018
2017-07-25,5925.25,5946.25,5915.75,5933.75,5933.75,237095
2017-07-26,5933.75,5958,5927,5948,5948,190190
2017-07-27,5961,5995.75,5844.75,5909.5,5909.5,539445
2017-07-28,5909,5918.25,5850,5910.25,5910.25,338476
2017-07-31,5910,5933.5,5870.25,5882.5,5882.5,280483
2017-08-01,5884.5,5931.25,5875.5,5889.25,5889.25,229005
2017-08-02,5933,5947.5,5856.25,5910.75,5910.75,389618
2017-08-03,5911.25,5924.5,5877.25,5890,5890,289423
2017-08-04,5889,5912,5874.25,5898,5898,256730
2017-08-07,5900,5937.75,5898,5934,5934,165201
2017-08-08,5935,5972.75,5907.5,5918,5918,305079
2017-08-09,5913.25,5924.5,5861.75,5922.5,5922.5,377648
2017-08-10,5922.5,5923,5767.25,5789.75,5789.75,548167
2017-08-11,5769,5845.75,5761,5838.25,5838.25,394754
2017-08-14,5837.25,5916.75,5837.25,5910,5910,261541
2017-08-15,5913.5,5945,5895.5,5912,5912,249827
2017-08-16,5915.25,5949.5,5902,5923.5,5923.5,293910
2017-08-17,5920,5923.75,5786.5,5800.25,5800.25,511900
2017-08-18,5792.25,5835,5772.5,5801.25,5801.25,443313
2017-08-21,5805,5816.75,5752.25,5794,5794,360383
2017-08-22,5795.25,5882.25,5794.25,5878.5,5878.5,307895
2017-08-23,5878.25,5884,5841.5,5848,5848,301682
2017-08-24,5845.75,5874.25,5803.25,5840.5,5840.5,372774
2017-08-25,5845.25,5874,5816.5,5825,5825,300167
2017-08-28,5819.75,5856,5801.25,5844.75,5844.75,216424
2017-08-29,5820,5875.5,5777.25,5869.75,5869.75,334338
2017-08-30,5869.75,5944,5862.5,5935,5935,273971
2017-08-31,5936.25,5998,5932.5,5990.75,5990.75,273833
2017-09-01,5994,6019.75,5973.25,5988.25,5988.25,229855
2017-09-05,5956.5,5984.75,5889.5,5939.25,5939.25,485650
2017-09-06,5943.5,5965.75,5909.25,5955,5955,335781
2017-09-07,5952,5981.5,5932.25,5970,5970,301526
2017-09-08,5969.25,5972,5907.5,5916.25,5916.25,190958
2017-09-11,5928.75,5991.75,5928.75,5982.5,5982.5,160000
2017-09-12,5981.25,6004,5967.5,5996.5,5996.5,125609
2017-09-13,5999,6005.25,5975.5,6002,6002,76177
2017-09-14,6001.75,6002.5,5963.5,5966.25,5966.25,72484
2017-09-15,5965.25,5978.25,5945.25,5974,5974,268013
2017-09-18,5999.25,6018.25,5967.25,5986.75,5986.75,235721
2017-09-19,5989.75,6004.75,5975,5997,5997,212483
2017-09-20,5997,6000.5,5930.5,5978.5,5978.5,347504
2017-09-21,5976,5980.25,5919.25,5945.25,5945.25,343404
2017-09-22,5944.25,5945.5,5911,5935.75,5935.75,272649
2017-09-25,5930.75,5954.25,5842,5876.5,5876.5,447828
2017-09-26,5878.75,5912.5,5862.75,5892.5,5892.5,343472
2017-09-27,5889.75,5963,5886.5,5941,5941,349282
2017-09-28,5936,5948.25,5911.25,5938.5,5938.5,268097
2017-09-29,5939.25,5985.5,5933,5982.5,5982.5,275661
2017-10-02,5984,6009.75,5958.5,5980.5,5980.5,269518
2017-10-03,5985.5,6004.75,5978.75,5998,5998,207901
2017-10-04,5999,6015.5,5979.5,6004,6004,236714
2017-10-05,6005,6068,6001,6065.75,6065.75,254723
2017-10-06,6062.25,6071.5,6037.5,6064.25,6064.25,232608
2017-10-09,6062.5,6084,6054.75,6064.5,6064.5,155751
2017-10-10,6062.25,6088.5,6039,6065.25,6065.25,238961
2017-10-11,6064.5,6086,6053.25,6082.5,6082.5,180901
2017-10-12,6083.5,6097,6066.5,6074.75,6074.75,200082
2017-10-13,6073,6104,6068.5,6099.75,6099.75,178530
2017-10-16,6101.5,6121.5,6098,6120.25,6120.25,167591
2017-10-17,6119.75,6125.5,6105,6123.75,6123.75,154430
2017-10-18,6122.25,6132.75,6108,6119.25,6119.25,180414
2017-10-19,6121.25,6121.75,6051.25,6097.75,6097.75,332212
2017-10-20,6097.75,6129.5,6090.5,6111,6111,222217
2017-10-23,6109.5,6128,6060.5,6064.75,6064.75,247882
2017-10-24,6064.75,6092.5,6057,6079.5,6079.5,235526
2017-10-25,6073.5,6087.5,6011,6064.5,6064.5,436671
2017-10-26,6065,6096.25,6035,6084.75,6084.75,320283
2017-10-27,6092,6225.75,6078.75,6215.25,6215.25,435844
2017-10-30,6209.5,6251.5,6202.25,6224.25,6224.25,360344
2017-10-31,6221.75,6258.75,6219.25,6249.75,6249.75,239132
2017-11-01,6249.75,6284.5,6223.5,6240.75,6240.75,346061
2017-11-02,6230,6263,6192.5,6235.75,6235.75,356528
2017-11-03,6252.5,6296.75,6236,6290.5,6290.5,301691
2017-11-06,6285.25,6317.5,6268,6313.5,6313.5,218392
2017-11-07,6311.5,6331.5,6296.25,6316,6316,284157
2017-11-08,6310.5,6345.5,6301.5,6341.5,6341.5,218248
2017-11-09,6342.25,6351.5,6244.75,6314.5,6314.5,550267
2017-11-10,6312.75,6321,6281,6309.25,6309.25,266728
2017-11-13,6312.5,6325,6281,6312,6312,229366
2017-11-14,6310.75,6318.25,6262.75,6293.5,6293.5,342800
2017-11-15,6293.5,6294.75,6230.75,6266.25,6266.25,399624
2017-11-16,6264.5,6358.5,6260.75,6341,6341,339694
2017-11-17,6342.75,6351.75,6308.5,6313.25,6313.25,275846
2017-11-20,6312,6329.25,6291.25,6316,6316,203721
2017-11-21,6315.75,6385.25,6311.25,6379.5,6379.5,216030
2017-11-22,6381.25,6395.25,6375.25,6389.5,6389.5,116314
2017-11-24,null,null,null,null,null,null
2017-11-27,6414.25,6424.5,6394.75,6413.25,6413.25,204123
2017-11-28,6413.25,6429.5,6388.75,6420.25,6420.25,307329
2017-11-29,6423.5,6428.5,6283,6305.5,6305.5,625761
2017-11-30,6306.5,6377.5,6289,6369,6369,457769
2017-12-01,6353.75,6369,6246,6346.25,6346.25,608005
2017-12-04,6371,6391.75,6250.75,6265.25,6265.25,520744
2017-12-05,6255.5,6339.75,6231.75,6271.75,6271.75,443788
2017-12-06,6269,6307,6232.5,6293,6293,363675
2017-12-07,6298,6335.5,6288.75,6323,6323,325352
2017-12-08,6322.25,6379,6320.5,6340,6340,180084
2017-12-11,6343,6409.75,6339.75,6397.5,6397.5,148290
2017-12-12,6404.25,6407.75,6371.75,6384.25,6384.25,134498
2017-12-13,6385,6418.75,6365.5,6398.5,6398.5,109048
2017-12-14,6396.75,6425,6385.5,6391.75,6391.75,79395
2017-12-15,6389.5,6500,6384,6478,6478,288903
2017-12-18,6498,6542,6497.5,6535.25,6535.25,220351
2017-12-19,6535,6545.75,6479.75,6500.75,6500.75,272966
2017-12-20,6504,6529,6463.25,6489,6489,276115
2017-12-21,6486.75,6520.75,6476,6492.25,6492.25,211561
2017-12-22,6489.75,6501.75,6467.5,6483.75,6483.75,130810
2017-12-26,6482.5,6492,6432.25,6460,6460,135130
2017-12-27,6461.25,6475.5,6442,6454,6454,158481
2017-12-28,6452.25,6477.5,6442.25,6446.25,6446.25,138254
2017-12-29,6444.5,6467.75,6383.25,6408.75,6408.75,210114
2018-01-02,6405,6523.25,6397.75,6514.75,6514.75,259593
2018-01-03,6513.25,6591.25,6511.25,6584.5,6584.5,223243
2018-01-04,6583.75,6617.5,6580,6603.5,6603.5,254577
2018-01-05,6608,6671,6599.75,6667.75,6667.75,214944
2018-01-08,6667.75,6690.75,6653.25,6688,6688,198494
2018-01-09,6687.25,6707.25,6667.25,6687,6687,272445
2018-01-10,6679.75,6686.75,6628.25,6677.25,6677.25,320261
2018-01-11,6676.5,6728.75,6664.25,6726.5,6726.5,228872
2018-01-12,6725.5,6777.75,6703.25,6775.25,6775.25,288871
2018-01-16,6781.5,6845.75,6729.25,6762.25,6762.25,516270
2018-01-17,6762.75,6834.25,6744.75,6823.75,6823.75,357653
2018-01-18,6818,6838,6796,6813,6813,314511
2018-01-19,6816.5,6857,6801.5,6845.75,6845.75,324203
2018-01-22,6830.75,6941.25,6824.25,6931,6931,262762
2018-01-23,6929.75,6981.25,6919.75,6965.75,6965.75,336204
2018-01-24,6956.5,7004.25,6888.25,6931.25,6931.25,526387
2018-01-25,6933.5,6987.25,6902,6931.5,6931.5,415464
2018-01-26,6938,7034.5,6934.25,7030.25,7030.25,326274
2018-01-29,7030,7047.25,6980,6992.5,6992.5,407157
2018-01-30,6991.5,7006.5,6902.75,6941.5,6941.5,524079
2018-01-31,6938.25,6991,6921.5,6962.5,6962.5,413798
2018-02-01,6973,6987.75,6884.75,6898.5,6898.5,492861
2018-02-02,6954,6963.5,6752.25,6755.75,6755.75,642482
2018-02-05,6752.25,6813.5,6387.75,6429.25,6429.25,931677
2018-02-06,6473,6677.5,6260.25,6653.75,6653.75,813419
2018-02-07,6638,6717.75,6532,6555.75,6555.75,593446
2018-02-08,6542,6618.5,6301,6317.25,6317.25,640585
2018-02-09,6328,6455.5,6164,6417.75,6417.75,787495
2018-02-12,6434.5,6567.5,6414.25,6531.75,6531.75,406083
2018-02-13,6529.75,6571,6470.75,6560.5,6560.5,382334
2018-02-14,6559.5,6692.75,6456.25,6687,6687,482298
2018-02-15,6681,6827.5,6669.75,6816,6816,458423
2018-02-16,6816.25,6859.75,6762,6786.75,6786.75,445962
2018-02-20,6783.25,6843.75,6723.25,6790.5,6790.5,461892
2018-02-21,6788.25,6885.5,6741.25,6760.5,6760.5,440206
2018-02-22,6756.5,6831.5,6694.75,6788.75,6788.75,439678
2018-02-23,6792.5,6913.75,6782.75,6909.75,6909.75,0
2018-02-26,6918.25,7007.5,6890,7000,7000,297831
2018-02-27,7003.5,7009,6904,6915.75,6915.75,498392
2018-02-28,6913.75,6970.5,6857.75,6865,6865,461819
2018-03-01,6879.5,6898.75,6689,6760.75,6760.75,793737
2018-03-02,6763.75,6823.25,6646,6804.75,6804.75,636240
2018-03-05,6795.75,6904.5,6742.5,6877.5,6877.5,467865
2018-03-06,6880.5,6939.25,6871.75,6907.75,6907.75,415228
2018-03-07,6858,6937,6798.25,6924.5,6924.5,498163
2018-03-08,6922.75,6977.25,6913.5,6974.25,6974.25,388688
2018-03-09,6972,7103.75,6963,7098.25,7098.25,225672
2018-03-12,7099.25,7158.75,7090,7139.5,7139.5,185865
2018-03-13,7136.75,7188.5,7025.75,7058.25,7058.25,208524
2018-03-14,7039.5,7098,7012.25,7033.5,7033.5,117327
2018-03-15,7036.75,7076.75,7003.25,7046.5,7046.5,56177
2018-03-16,7050.5,7059.25,7031,7044,7044,287434
2018-03-19,7043,7043,6821.25,6914.25,6914.25,571979
2018-03-20,6911.75,6927.75,6863,6917.5,6917.5,401041
2018-03-21,6912.5,6951,6842.25,6884,6884,454570
2018-03-22,6883.25,6915,6686,6692,6692,685491
2018-03-23,6692.25,6721.25,6519,6554.25,6554.25,748098
2018-03-26,6549.75,6779,6525,6773.5,6773.5,637180
2018-03-27,6775.75,6849.25,6490,6561.25,6561.25,731553
2018-03-28,6550.25,6582.25,6421,6477.25,6477.25,948120
2018-03-29,6490.75,6653.75,6443.75,6594,6594,647977
2018-04-02,6557,6588.5,6326.5,6393.25,6393.25,670690
2018-04-03,6405.75,6496.75,6351.25,6469.25,6469.25,681282
2018-04-04,6466,6591.75,6306.75,6582.5,6582.5,635562
2018-04-05,6582,6654.5,6559,6600.25,6600.25,495024
2018-04-06,6608,6611.25,6408.5,6454.75,6454.75,631810
2018-04-09,6463,6618,6460,6497,6497,482071
2018-04-10,6490.5,6651.75,6471.75,6624.25,6624.25,542219
2018-04-11,6625.25,6663.25,6550.75,6592.75,6592.75,443623
2018-04-12,6596.25,6693.75,6589.75,6670.75,6670.75,357175
2018-04-13,6668.75,6713,6606.25,6640.75,6640.75,465366
2018-04-16,6674.25,6722,6639.25,6712,6712,324486
2018-04-17,6704.25,6844.75,6698.5,6828.75,6828.75,325724
2018-04-18,6819.5,6867,6796.75,6843.5,6843.5,298181
2018-04-19,6855.25,6866.25,6755.25,6780,6780,376428
2018-04-20,6777.75,6790.25,6646,6676.25,6676.25,422339
2018-04-23,6705.5,6728,6616.75,6667,6667,384306
2018-04-24,6660.75,6717.75,6467.25,6526.75,6526.75,626789
2018-04-25,6525.75,6576.25,6429.25,6555.75,6555.75,544882
2018-04-26,6583.25,6749,6559.25,6734.75,6734.75,424984
2018-04-27,6744.75,6772,6623,6669.75,6669.75,481734
2018-04-30,6668,6718,6595.5,6613,6613,389473
2018-05-01,6606,6740,6578.75,6692,6692,360806
2018-05-02,6715.5,6729.5,6625.25,6633.5,6633.5,382532
2018-05-03,6630.75,6671.5,6538,6664.5,6664.5,518811
2018-05-04,6666.5,6788.5,6610.5,6774.75,6774.75,408713
2018-05-07,6779,6851.25,6772.25,6826,6826,323768
2018-05-08,6817,6837.5,6771,6820.5,6820.5,370356
2018-05-09,6822,6901.25,6808.25,6896,6896,316609
2018-05-10,6896,6971.25,6888.75,6965,6965,292974
2018-05-11,6949.5,6979.5,6928.25,6960,6960,263016
2018-05-14,6958.25,7013.5,6955.5,6974,6974,255900
2018-05-15,6969,6976.75,6854.25,6890.5,6890.5,432917
2018-05-16,6895.5,6953.5,6875.5,6937.25,6937.25,274261
2018-05-17,6935.25,6962,6875,6905.75,6905.75,325159
2018-05-18,6908.5,6936.25,6862.25,6874,6874,314569
2018-05-21,6919,6957,6881.5,6915.75,6915.75,293370
2018-05-22,6914,6954.75,6890,6909.25,6909.25,269992
2018-05-23,6905.5,6961.5,6829.75,6957,6957,390903
2018-05-24,6956.75,6975,6885.25,6957.25,6957.25,379490
2018-05-25,6955,7003.75,6942.5,6960.25,6960.25,317340
2018-05-29,6989.5,6995,6890.5,6944.5,6944.5,487638
2018-05-30,6948,6994.75,6918.5,6987.25,6987.25,303797
2018-05-31,6978.5,7023.5,6958.25,6977,6977,389141
2018-06-01,6982.5,7090.5,6977.25,7083,7083,335020
2018-06-04,7079.75,7151.5,7071.75,7148.25,7148.25,247834
2018-06-05,7147.5,7187.5,7137.5,7179.25,7179.25,256212
2018-06-06,7181.75,7222.25,7142.25,7215,7215,300300
2018-06-07,7217.5,7234.25,7116.75,7161,7161,410243
2018-06-08,7160,7163,7077.75,7151.5,7151.5,215656
2018-06-11,7135,7189,7125,7170.25,7170.25,173772
2018-06-12,7165,7219.25,7155.5,7199.5,7199.5,112997
2018-06-13,7213.75,7262.75,7192,7204.25,7204.25,94299
2018-06-14,7203.25,7292.25,7178.25,7283.75,7283.75,68895
2018-06-15,7283.5,7291.75,7229.25,7257.5,7257.5,364647
2018-06-18,7276,7289.25,7208.75,7276,7276,291954
2018-06-19,7275,7279,7157.5,7252.25,7252.25,450281
2018-06-20,7253.75,7336.5,7226.75,7313.25,7313.25,320649
2018-06-21,7315.25,7358.5,7226.25,7237.75,7237.75,424012
2018-06-22,7228,7274,7198.25,7222.75,7222.75,322915
2018-06-25,7222.75,7222.75,6995.5,7073.5,7073.5,598963
2018-06-26,7064.25,7130,7040.5,7104,7104,399009
2018-06-27,7098.25,7151.5,6988,6998.25,6998.25,546252
2018-06-28,6998.75,7076.5,6956,7060.5,7060.5,483220
2018-06-29,7055.25,7123.75,7045,7066.75,7066.75,396079
2018-07-02,7068.25,7119.75,6987.5,7116.5,7116.5,379570
2018-07-03,null,null,null,null,null,null
2018-07-05,7023,7128,7015,7125.75,7125.75,378283
2018-07-06,7118.75,7237.75,7101.25,7233.5,7233.5,320304
2018-07-09,7232.5,7303.5,7232.25,7300.25,7300.25,269931
2018-07-10,7300.75,7335.5,7259.5,7301.5,7301.5,286748
2018-07-11,7263.5,7290,7204.5,7253.75,7253.75,373366
2018-07-12,7259.75,7387,7249.5,7382.75,7382.75,304341
2018-07-13,7382,7414.25,7367,7393,7393,279818
2018-07-16,7399.5,7413.75,7316,7325,7325,246001
2018-07-17,7320,7436,7292.5,7421.75,7421.75,343273
2018-07-18,7424.25,7437.75,7381.5,7404.5,7404.5,267804
2018-07-19,7400,7416,7354.75,7367.75,7367.75,321505
2018-07-20,7380.25,7413.75,7350.75,7360,7360,302839
2018-07-23,7368,7432.75,7311.5,7430.5,7430.5,287213
2018-07-24,7420.25,7489.75,7386.75,7416.25,7416.25,406774
2018-07-25,7410.5,7530,7397,7469.5,7469.5,351372
2018-07-26,7412.25,7450,7362,7430.75,7430.75,392494
2018-07-27,7429.5,7467,7263.5,7301.25,7301.25,534684
2018-07-30,7293,7309.25,7166.75,7200.5,7200.5,497537
2018-07-31,7210,7298,7189.25,7244.75,7244.75,430194
2018-08-01,7293,7303.75,7241,7277,7277,370601
2018-08-02,7284.25,7395.25,7214.25,7385.75,7385.75,441069
2018-08-03,7392,7415,7362.25,7402,7402,298355
2018-08-06,7404.25,7449.75,7387.5,7444,7444,250166
2018-08-07,7442.5,7486.75,7440.25,7477.25,7477.25,260630
2018-08-08,7478.25,7496,7442.5,7471.5,7471.5,250480
2018-08-09,7463.5,7505.5,7458.75,7475.5,7475.5,236834
2018-08-10,7472.25,7472.75,7390.75,7427,7427,389778
2018-08-13,7425.5,7479,7378.25,7417,7417,377939
2018-08-14,7420.5,7465,7397,7457.75,7457.75,305390
2018-08-15,7460.5,7464.75,7316.5,7374,7374,521164
2018-08-16,7380,7434.5,7363.25,7389,7389,348395
2018-08-17,7382.5,7407,7321.75,7387.75,7387.75,366862
2018-08-20,7390.5,7420.75,7351.5,7387,7387,286070
2018-08-21,7381.25,7452.25,7369,7397.5,7397.5,320662
2018-08-22,7374.25,7444.75,7352,7433.25,7433.25,309493
2018-08-23,7433.5,7475,7411.25,7424.5,7424.5,356371
2018-08-24,7427,7499.5,7422.75,7495.75,7495.75,278682
2018-08-27,7499,7569,7498.75,7568,7568,280533
2018-08-28,7568.25,7597.25,7564.25,7578,7578,273330
2018-08-29,7581,7674.5,7581,7668.75,7668.75,311623
2018-08-30,7672.75,7697,7626.25,7649,7649,390929
2018-08-31,7641.75,7682.25,7633.25,7661.25,7661.25,346901
2018-09-04,7670,7693.75,7586.75,7638.75,7638.75,470667
2018-09-05,7642.25,7643.25,7503.25,7531.75,7531.75,522313
2018-09-06,7530,7544.5,7407.75,7457.5,7457.5,650890
2018-09-07,7454.75,7494.75,7393,7438.5,7438.5,606515
2018-09-10,7433,7483.5,7414,7460.25,7460.25,418797
2018-09-11,7460.5,7524.75,7404.5,7512,7512,467702
2018-09-12,7515.25,7541,7425,7485.75,7485.75,586137
2018-09-13,7483.25,7583.25,7470,7564.5,7564.5,459821
2018-09-14,7563.5,7598.75,7515.25,7544.75,7544.75,237770
2018-09-17,7534,7547.25,7429.5,7436.25,7436.25,197770
2018-09-18,7434.25,7535.25,7393.5,7495.25,7495.25,171310
2018-09-19,7499.25,7517.25,7442.5,7497.5,7497.5,95710
2018-09-20,7500.5,7587.5,7485.25,7579.75,7579.75,74390
2018-09-21,7581.5,7619.25,7571,7589,7589,371830
2018-09-24,7539.75,7594,7473.75,7586,7586,390762
2018-09-25,7591,7603.25,7550.5,7595.25,7595.25,318332
2018-09-26,7598,7668,7577.5,7590.25,7590.25,405833
2018-09-27,7590.25,7686.25,7586,7657.25,7657.25,377694
2018-09-28,7663.5,7677,7617,7655.25,7655.25,381496
2018-10-01,7672,7728.75,7652,7675.5,7675.5,358159
2018-10-02,7675,7712.75,7630.25,7652.75,7652.75,392577
2018-10-03,7656.25,7703.75,7641.5,7664.75,7664.75,394538
2018-10-04,7651,7651,7456.5,7514.25,7514.25,704908
2018-10-05,7521,7540,7347,7436,7436,735015
2018-10-08,7443.25,7453.25,7286.5,7391.75,7391.75,615687
2018-10-09,7391,7455.75,7337,7399,7399,583403
2018-10-10,7394.75,7412,7000,7032,7032,924204
2018-10-11,7010.25,7138,6907.75,7031,7031,1146270
2018-10-12,7040.75,7197.75,7034.25,7172.25,7172.25,772623
2018-10-15,7176.75,7179,7060.75,7076.5,7076.5,641765
2018-10-16,7068.25,7357.5,7063.5,7353.75,7353.75,614355
2018-10-17,7339.75,7368.5,7221.5,7313.25,7313.25,663303
2018-10-18,7307.75,7309.5,7094.5,7137.75,7137.75,705908
2018-10-19,7154,7244.25,7092.75,7106.5,7106.5,661050
2018-10-22,7085.75,7210.5,7057,7155.25,7155.25,650331
2018-10-23,7155,7164,6944,7140.25,7140.25,825811
2018-10-24,7136.25,7175,6785.75,6836.25,6836.25,895420
2018-10-25,6878.5,7075.75,6816.75,6926.5,6926.5,793502
2018-10-26,6882,6986.5,6734.25,6893.25,6893.25,1069548
2018-10-29,6898,6991.5,6580.5,6736.25,6736.25,905327
2018-10-30,6719.25,6849.25,6661,6815.25,6815.25,832546
2018-10-31,6857,7039.25,6816.75,6975.5,6975.5,755201
2018-11-01,6960,7079.75,6936.75,7077.75,7077.75,589071
2018-11-02,6987.25,7143.25,6911.25,6980.25,6980.25,793339
2018-11-05,6972.75,6998.5,6865,6949.5,6949.5,506045
2018-11-06,6947.25,7034.75,6906.75,7016.5,7016.5,514296
2018-11-07,7011.5,7225,6971.5,7218.5,7218.5,621601
2018-11-08,7212.75,7231,7132,7166,7166,477828
2018-11-09,7145.75,7166.25,6989,7031.25,7031.25,596695
2018-11-12,7026.25,7103.75,6825.75,6835,6835,702949
2018-11-13,6847,6962,6801.25,6853,6853,711516
2018-11-14,6861.75,6929.5,6746,6768.25,6768.25,731312
2018-11-15,6780,6920.5,6712.25,6915.5,6915.5,793461
2018-11-16,6874.5,6915,6806.25,6895.25,6895.25,691502
2018-11-19,6875,6934.5,6632.25,6672,6672,743936
2018-11-20,6668.5,6670,6449.5,6532.5,6532.5,910469
2018-11-21,6527.75,6647.75,6509,6576.25,6576.25,569302
2018-11-23,null,null,null,null,null,null
2018-11-26,6537.5,6696.5,6530.5,6673.25,6673.25,503369
2018-11-27,6639.5,6723,6613.25,6712.5,6712.5,577173
2018-11-28,6722.25,6923.5,6709.25,6918.25,6918.25,639404
2018-11-29,6907,6943.75,6843,6913.25,6913.25,530605
2018-11-30,6902.25,6967.25,6871.5,6949.5,6949.5,485575
2018-12-03,7041,7139,7015.25,7058.25,7058.25,575964
2018-12-04,7055.25,7055.25,6783,6803.25,6803.25,811925
2018-12-06,6834.5,6854.25,6630.25,6824.5,6824.5,986103
2018-12-07,6835.5,6856.5,6594.75,6623.5,6623.5,854199
2018-12-10,6596.25,6714.5,6535.25,6699.25,6699.25,778327
2018-12-11,6695,6808.75,6651.25,6717,6717,734366
2018-12-12,6686.5,6872,6683.5,6769,6769,663375
2018-12-13,6769,6838.5,6723,6752,6752,626806
2018-12-14,6752,6760.75,6583.25,6599.5,6599.5,351779
2018-12-17,6580,6635.25,6401.25,6466.25,6466.25,323403
2018-12-18,6471.25,6555.75,6435.75,6462.75,6462.75,229055
2018-12-19,6441.75,6594,6282.25,6334.75,6334.75,174403
2018-12-20,6331.75,6385.25,6161.75,6308.5,6308.5,95448
2018-12-21,6307.5,6317.75,6242,6257.25,6257.25,862689
2018-12-24,null,null,null,null,null,null
2018-12-26,5902,6310,5820.5,6285.5,6285.5,642440
2018-12-27,6283,6333,6053.25,6323.5,6323.5,740129
2018-12-28,6309,6402.5,6243.75,6293.25,6293.25,644735
2018-12-31,6312.25,6376.75,6283,6333.25,6333.25,386061
2019-01-02,6349.5,6409.25,6154,6371,6371,659316
2019-01-03,6242.75,6304.25,6148.5,6162,6162,714536
2019-01-04,6168.75,6462,6136.5,6434,6434,696539
2019-01-07,6451.25,6535.75,6402.5,6496.5,6496.5,516597
2019-01-08,6506,6586.25,6467.25,6557.25,6557.25,539049
2019-01-09,6546.75,6645,6546.75,6604.75,6604.75,496789
2019-01-10,6597.25,6641.75,6527.5,6625.25,6625.25,496364
2019-01-11,6622.5,6632.5,6572,6612.75,6612.75,364787
2019-01-14,6599,6602.5,6521.5,6545,6545,364990
2019-01-15,6543,6689,6542.25,6676.75,6676.75,492324
2019-01-16,6674.5,6737.25,6664,6666.25,6666.25,443742
2019-01-17,6670,6760,6612.25,6720,6720,472761
2019-01-18,6722.75,6828.25,6712,6792.75,6792.75,499881
2019-01-22,6794.5,6794.5,6611.5,6653,6653,651258
2019-01-23,6652,6724.25,6592.25,6665.25,6665.25,515044
2019-01-24,6663,6718.5,6653,6675,6675,449017
2019-01-25,6684.5,6810.5,6676.75,6791.25,6791.25,446822
2019-01-28,6784.25,6791,6648.25,6701.75,6701.75,490045
2019-01-29,6695.25,6721,6616.75,6638.75,6638.75,441622
2019-01-30,6690.25,6845.25,6657.75,6837.25,6837.25,526133
2019-01-31,6844.25,6943,6839.25,6914.75,6914.75,557023
2019-02-01,6911,6927.5,6860.5,6877.75,6877.75,461403
2019-02-04,6863.75,6983,6858.25,6937.5,6937.5,353660
2019-02-05,6937.5,7033.75,6928.25,7008,7008,369764
2019-02-06,7009.25,7038.75,6972.25,6995.75,6995.75,376560
2019-02-07,6988,6994.75,6856.25,6905.5,6905.5,595400
2019-02-08,6902,6926.25,6841,6916.75,6916.75,464342
2019-02-11,6921.75,6969.5,6896.25,6914.25,6914.25,384589
2019-02-12,6908.5,7028.5,6903,7018.5,7018.5,363950
2019-02-13,7017.25,7069.75,7012,7016.25,7016.25,359971
2019-02-14,7017.25,7057.5,6972,7019.75,7019.75,490159
2019-02-15,7017.5,7095.25,6975.25,7063.75,7063.75,430944
2019-02-19,7063.75,7094.75,7035.25,7068.25,7068.25,386613
2019-02-20,7068.75,7105,7032.25,7073.25,7073.25,418267
2019-02-21,7070.75,7113.75,7005,7034.5,7034.5,432866
2019-02-22,7031.25,7101.25,7019.25,7088.25,7088.25,367501
2019-02-25,7108.5,7168.5,7102,7125.75,7125.75,346624
2019-02-26,7122,7151,7073.25,7117.75,7117.75,362741
2019-02-27,7109.25,7131.75,7048,7121.75,7121.75,367938
2019-02-28,7121.25,7130.75,7072.5,7102.5,7102.5,360883
2019-03-01,7106.5,7164.5,7098.25,7156,7156,383198
2019-03-04,7177,7211.5,7074.5,7145.75,7145.75,556660
2019-03-05,7144.5,7182,7124.25,7165.5,7165.5,364928
2019-03-06,7156,7171.25,7107,7111.25,7111.25,444302
2019-03-07,7109,7123.25,7003.25,7027.5,7027.5,556540
2019-03-08,7025.5,7034,6939,7026.75,7026.75,312130
2019-03-11,7022.25,7176.75,6997.5,7164.75,7164.75,203726
2019-03-12,7176,7223,7163.25,7206.5,7206.5,167990
2019-03-13,7209.25,7295.5,7183.75,7267.75,7267.75,127111
2019-03-14,7273.25,7293.5,7237.75,7239.75,7239.75,82276
2019-03-15,7245.75,7288,7243,7270.350098,7270.350098,412124
2019-03-18,7338,7379.5,7321.75,7360.75,7360.75,366874
2019-03-19,7362.25,7421.25,7351.25,7376.5,7376.5,427134
2019-03-20,7378,7458,7349.5,7409.5,7409.5,550615
2019-03-21,7400.5,7541,7367.75,7534.5,7534.5,523249
2019-03-22,7526.75,7544.75,7353,7368.75,7368.75,694561
2019-03-25,7372.25,7390.5,7290,7355.25,7355.25,596897
2019-03-26,7363,7447.5,7340.5,7376.75,7376.75,557412
2019-03-27,7383.5,7404.75,7276,7334.5,7334.5,592979
2019-03-28,7323.5,7372.5,7289.5,7352,7352,446378
2019-03-29,7350.25,7414.5,7350.25,7400.5,7400.5,395579
2019-04-01,7430,7506.5,7428.5,7498.5,7498.5,412914
2019-04-02,7495.25,7532.5,7483.75,7519.25,7519.25,359192
2019-04-03,7517,7616.25,7513.25,7582.25,7582.25,483546
2019-04-04,7581.25,7598,7522,7561.5,7561.5,432440
2019-04-05,7565,7612.75,7556,7604.25,7604.25,358710
2019-04-08,7607.75,7629.25,7561.25,7623.5,7623.5,333328
2019-04-09,7625.75,7633.75,7578.75,7593.25,7593.25,389517
2019-04-10,7590.5,7646,7575.75,7641.25,7641.25,332696
2019-04-11,7644,7661,7601.5,7617.25,7617.25,340950
2019-04-12,7617,7665,7611,7652.25,7652.25,346210
2019-04-15,7654,7659,7598.75,7647.75,7647.75,322483
2019-04-16,7650.75,7695,7648.75,7679.5,7679.5,373199
2019-04-17,7676.5,7733.5,7668.5,7689.75,7689.75,463944
2019-04-18,7691.5,7723,7660.25,7712.5,7712.5,393586
2019-04-22,7715.25,7746.75,7669.75,7734.75,7734.75,253668
2019-04-23,7738,7843.75,7724.5,7838,7838,427149
2019-04-24,7833.5,7852.75,7802.25,7847.75,7847.75,387633
2019-04-25,7855.25,7879.5,7792,7798.5,7798.5,488329
2019-04-26,7799.25,7845.5,7755.5,7840.25,7840.25,467051
2019-04-29,7837.25,7867.75,7805.5,7813.75,7813.75,320324
2019-04-30,7805.25,7857,7740,7800,7800,463833
2019-05-01,7848.75,7867.25,7736,7756.5,7756.5,484406
2019-05-02,7737.75,7805,7682.25,7734.25,7734.25,592822
2019-05-03,7739,7872.5,7734.75,7865,7865,454088
2019-05-06,7810,7817.5,7667.5,7803.5,7803.5,630196
2019-05-07,7744.75,7804,7581.25,7674,7674,838952
2019-05-08,7663.75,7698,7600,7647.5,7647.5,621509
2019-05-09,7639.75,7644.5,7481,7595.25,7595.25,741216
2019-05-10,7591,7654.5,7435.75,7610.25,7610.25,802652
2019-05-13,7534.25,7551.5,7305,7314.75,7314.75,773473
2019-05-14,7315.25,7459.5,7290,7421,7421,547769
2019-05-15,7429.25,7538.5,7353.75,7529.25,7529.25,535915
2019-05-16,7524.25,7641,7473.5,7600.25,7600.25,525588
2019-05-17,7600.75,7620,7506.5,7511.5,7511.5,626777
2019-05-20,7514.75,7559.25,7361.5,7391.75,7391.75,634294
2019-05-21,7408.25,7485.25,7400.75,7464,7464,436744
2019-05-22,7462.75,7475,7391.25,7430,7430,455678
2019-05-23,7430.75,7434.75,7268,7311,7311,640165
2019-05-24,7316.75,7379.75,7300.5,7315.5,7315.5,407810
2019-05-28,7315.5,7371.75,7280.25,7295.25,7295.25,528983
2019-05-29,7291.5,7296,7183.25,7216,7216,568052
2019-05-30,7214.75,7271.25,7208.5,7255.25,7255.25,403475
2019-05-31,7251.75,7256,7129.25,7133.5,7133.5,540433
2019-06-03,7110,7132.5,6941.25,6993.75,6993.75,771723
2019-06-04,7008.75,7186.5,6981.75,7179.25,7179.25,565396
2019-06-05,7189,7245.25,7150.25,7228.5,7228.5,534798
2019-06-06,7213.75,7299.25,7181,7282.25,7282.25,433916
2019-06-07,7266.5,7453,7257.75,7419.5,7419.5,484835
2019-06-10,7469,7578.5,7431.25,7515.5,7515.5,463884
2019-06-11,7519.5,7600.75,7492.75,7518.25,7518.25,461725
2019-06-12,7517.75,7531,7461,7473.25,7473.25,388858
2019-06-13,7476,7536,7421,7522.75,7522.75,396174
2019-06-14,7503.25,7520.75,7451.5,7478.25,7478.25,254822
2019-06-17,7481,7550.75,7476,7534.25,7534.25,184038
2019-06-18,7542.25,7693.5,7514.75,7645.25,7645.25,209971
2019-06-19,7641,7685.75,7601.75,7674.25,7674.25,112587
2019-06-20,7668,7793,7660,7745.25,7745.25,101514
2019-06-21,7737,7743.25,7701.5,7723.609863,7723.609863,379078
2019-06-24,7744.5,7794.25,7731.75,7758.75,7758.75,260978
2019-06-25,7753,7779.5,7609.5,7628.75,7628.75,424811
2019-06-26,7633,7719,7616.25,7650,7650,376979
2019-06-27,7641,7716.5,7640.75,7690.5,7690.5,300152
2019-06-28,7685.25,7726,7664,7693.75,7693.75,310126
2019-07-01,7781.5,7849.75,7759,7790,7790,406594
2019-07-02,7792.5,7843.25,7763,7838.25,7838.25,297574
2019-07-03,null,null,null,null,null,null
2019-07-05,7887.75,7909.75,7797.25,7851.5,7851.5,375287
2019-07-08,7855,7863.5,7777.5,7801,7801,342228
2019-07-09,7802.25,7858.75,7743,7845.25,7845.25,346314
2019-07-10,7848,7949.5,7811.25,7928.75,7928.75,442842
2019-07-11,7924.25,7963.25,7894.25,7918.75,7918.75,407894
2019-07-12,7917.25,7967.5,7911.75,7960,7960,299817
2019-07-15,7958.25,7992,7941.25,7986.75,7986.75,247176
2019-07-16,7982.75,8001.5,7924,7942.75,7942.75,303702
2019-07-17,7939.75,7966.25,7868,7885.5,7885.5,303890
2019-07-18,7868,7954.75,7833,7933.5,7933.5,413722
2019-07-19,7950.5,7980.75,7815.25,7842.75,7842.75,438469
2019-07-22,7830,7936.5,7826.25,7924.75,7924.75,355209
2019-07-23,7926.5,7985.75,7908,7983.75,7983.75,357765
2019-07-24,7944,8051.75,7925.25,8038,8038,356159
2019-07-25,8004.5,8034.5,7917.25,7981.75,7981.75,433945
2019-07-26,7992,8040.75,7987.5,8019.75,8019.75,322305
2019-07-29,8017.5,8031.75,7951.75,8001.25,8001.25,301214
2019-07-30,8004.25,8020,7928.25,7963.25,7963.25,394698
2019-07-31,7992.5,8001.25,7782.25,7866.75,7866.75,556437
2019-08-01,7834,8014.5,7776.75,7808.25,7808.25,772956
2019-08-02,7797,7806,7650.25,7702.25,7702.25,736453
2019-08-05,7701.75,7705.5,7359.75,7385.25,7385.25,848399
2019-08-06,7349,7549,7224.5,7515.5,7515.5,845239
2019-08-07,7512.75,7577.5,7387.5,7553.25,7553.25,851275
2019-08-08,7553.5,7738.5,7526,7735.75,7735.75,553666
2019-08-09,7699.5,7724,7596.75,7660.25,7660.25,619044
2019-08-12,7654.5,7710,7534.75,7566.75,7566.75,552715
2019-08-13,7570.25,7789.5,7514,7748,7748,674983
2019-08-14,7746.5,7767.5,7477,7488.75,7488.75,825231
2019-08-15,7469,7572.75,7388.25,7496.25,7496.25,705042
2019-08-16,7509.25,7632.5,7502.5,7611.75,7611.75,449473
2019-08-19,7617.25,7750,7616,7727.5,7727.5,401476
2019-08-20,7717.25,7752,7655.5,7668,7668,414176
2019-08-21,7655,7765.75,7652.25,7750.25,7750.25,344352
2019-08-22,7756,7782.25,7654,7711.25,7711.25,487622
2019-08-23,7705.75,7762,7447.75,7504.5,7504.5,763864
2019-08-26,7435,7626,7353.25,7590.5,7590.5,617907
2019-08-27,7591.5,7648.5,7537,7562.75,7562.75,520966
2019-08-28,7564,7605.75,7504.25,7599.25,7599.25,480975
2019-08-29,7582.25,7730.25,7548.5,7712,7712,447668
2019-08-30,7704.25,7770.5,7646,7690.75,7690.75,450746
2019-09-03,7628.25,7695.5,7580.75,7617.5,7617.5,643037
2019-09-04,7614.25,7730,7608.5,7722.75,7722.75,399672
2019-09-05,7722,7886.75,7717.25,7855.5,7855.5,478413
2019-09-06,7853.5,7895,7838.25,7857.75,7857.75,356484
2019-09-09,7857,7887,7798.5,7830.75,7830.75,372953
2019-09-10,7834,7857.75,7744.25,7815,7815,446533
2019-09-11,7818.5,7905,7786.5,7889.75,7889.75,383871
2019-09-12,7893.25,7982.75,7886.75,7921.5,7921.5,448979
2019-09-13,7916.25,7958.5,7881.75,7886,7886,243852
2019-09-16,7856.75,7873.25,7776.25,7856.5,7856.5,199321
2019-09-17,7864,7897.5,7828,7890.25,7890.25,147539
2019-09-18,7890.75,7906.75,7790,7894.25,7894.25,122281
2019-09-19,7898.75,7951,7830.5,7896.25,7896.25,69135
2019-09-20,7899.5,7932.75,7890.75,7899.47998,7899.47998,425158
2019-09-23,7839.25,7897.5,7807.75,7850.5,7850.5,348180
2019-09-24,7869,7904.75,7701.75,7735.25,7735.25,609261
2019-09-25,7738.25,7844.25,7663,7820.25,7820.25,540081
2019-09-26,7822.5,7842.75,7734.75,7787.25,7787.25,489320
2019-09-27,7787,7822,7641,7701.25,7701.25,598171
2019-09-30,7735.5,7788.75,7705.75,7770.5,7770.5,337872
2019-10-01,7784,7841.5,7691,7695.5,7695.5,478759
2019-10-02,7711,7730.5,7525.5,7546.25,7546.25,586568
2019-10-03,7551.5,7661.5,7474.25,7658.5,7658.5,582820
2019-10-04,7656.75,7773.75,7624,7767.25,7767.25,420539
2019-10-07,7712.5,7799.75,7682.5,7740,7740,381262
2019-10-08,7736,7784.5,7613.5,7622,7622,552145
2019-10-09,7621,7732,7604.5,7699.75,7699.75,404170
2019-10-10,7702.25,7798.75,7583.25,7760.25,7760.25,535042
2019-10-11,7783.25,7918.5,7767,7859,7859,490521
2019-10-14,7850.25,7894.75,7807,7857.5,7857.5,311101
2019-10-15,7862.25,7971.75,7859.75,7959.75,7959.75,347657
2019-10-16,7960,7960.25,7907.5,7948.5,7948.5,347550
2019-10-17,7954.25,7994.75,7922,7952.75,7952.75,368623
2019-10-18,7953.75,7958.5,7835.75,7880.75,7880.75,437753
2019-10-21,7874.25,7951.75,7865.75,7948.25,7948.25,275031
2019-10-22,7949.25,7988.75,7837.25,7858.75,7858.75,377545
2019-10-23,7846.25,7918.25,7810.25,7901.5,7901.5,348671
2019-10-24,7922.75,7984,7913.25,7928.25,7928.25,380967
2019-10-25,7928.5,8041.5,7918.5,8035.75,8035.75,348318
2019-10-28,8048,8127.5,8048,8094.75,8094.75,309114
2019-10-29,8109.25,8118.75,8050.75,8055.25,8055.25,351246
2019-10-30,8057.25,8141,8020.5,8111.25,8111.25,381307
2019-10-31,8128.5,8139,8046,8090.25,8090.25,448458
2019-11-01,8094.25,8168,8084.5,8160.25,8160.25,348326
2019-11-04,8165,8233.75,8164,8215.75,8215.75,325479
2019-11-05,8221.5,8248,8193.25,8210.75,8210.75,305795
2019-11-06,8208,8228.25,8161,8207.25,8207.25,314414
2019-11-07,8213.75,8282.25,8190,8230.5,8230.5,366403
2019-11-08,8230,8264.25,8190,8257.25,8257.25,326871
2019-11-11,8257.25,8261.75,8206.5,8249.75,8249.75,229844
2019-11-12,8253.25,8300.25,8228.5,8275,8275,316729
2019-11-13,8273,8281.5,8220,8265.75,8265.75,382042
2019-11-14,8269,8285.5,8216.25,8265.5,8265.5,381593
2019-11-15,8267.5,8324,8261.25,8318.75,8318.75,367145
2019-11-18,8318.75,8367,8279.25,8333.5,8333.5,370609
2019-11-19,8335,8379,8312.5,8341.5,8341.5,373942
2019-11-20,8333,8348,8231,8291.75,8291.75,526978
2019-11-21,8261.5,8308,8240,8274.5,8274.5,411833
2019-11-22,8280.25,8313.5,8233.25,8280.5,8280.5,344497
2019-11-25,8303.25,8379.25,8296.5,8376.5,8376.5,259485
2019-11-26,8374.25,8422,8366.25,8400.75,8400.75,285726
2019-11-27,8402.75,8458.75,8397,8454.75,8454.75,240866
2019-11-29,null,null,null,null,null,null
2019-12-02,8424.5,8457.25,8276.5,8316,8316,559474
2019-12-03,8313.75,8337.5,8168.25,8251.25,8251.25,614317
2019-12-04,8258.75,8319.25,8220.5,8295.25,8295.25,413647
2019-12-05,8296.25,8340,8273.25,8309.25,8309.25,370987
2019-12-06,8311,8409.5,8307.75,8400.25,8400.25,302782
2019-12-09,8401.5,8427.25,8347,8356,8356,292419
2019-12-10,8354.5,8398,8297,8363.75,8363.75,403364
2019-12-11,8366.25,8411,8345,8405.5,8405.5,304183
2019-12-12,8407.5,8497,8381,8465.25,8465.25,554338
2019-12-13,8485,8523.75,8435.5,8494,8494,335038
2019-12-16,8507,8587.75,8503.25,8576,8576,192050
2019-12-17,8576,8596.75,8563.25,8576.25,8576.25,145053
2019-12-18,8569.75,8612,8567.75,8590.25,8590.25,98301
2019-12-19,8598,8655.5,8580.25,8642.5,8642.5,65776
2019-12-20,8651,8707.459961,8638.25,8707.459961,8707.459961,307870
2019-12-23,8710.75,8743.25,8707.5,8726.5,8726.5,194915
2019-12-24,null,null,null,null,null,null
2019-12-26,8730.25,8805,8729,8804.25,8804.25,170684
2019-12-27,8801,8843.5,8769,8783.25,8783.25,322888
2019-12-30,8783.5,8809.75,8691.25,8733.75,8733.75,404047
2019-12-31,8731.75,8772.25,8692.25,8752.25,8752.25,284519
2020-01-02,8776.75,8901.5,8769.5,8891.75,8891.75,416637
2020-01-03,8895.5,8907.25,8735.25,8810,8810,599887
2020-01-06,8772.25,8873,8723,8847.5,8847.5,469514
2020-01-07,8853.25,8894.75,8825.75,8853,8853,510004
2020-01-08,8841.5,8972.25,8678,8944.5,8944.5,723085
2020-01-09,8948.75,9022.25,8932.5,9009,9009,457262
2020-01-10,9010,9055.5,8966.25,8978.25,8978.25,472166
2020-01-13,8979,9095.5,8979,9088.25,9088.25,380440
2020-01-14,9087.75,9114.75,9035,9062.5,9062.5,553343
2020-01-15,9062,9096,9023,9060,9060,497100
2020-01-16,9061.75,9140.25,9061.5,9133.5,9133.5,397881
2020-01-17,9137,9189.25,9130,9174.5,9174.5,438669
2020-01-21,9174,9199.75,9114.75,9169.75,9169.75,532160
2020-01-22,9179.5,9254,9174.25,9195.75,9195.75,519015
2020-01-23,9190,9253.5,9151.75,9248.25,9248.25,616950
2020-01-24,9252,9287.25,9109.5,9144.5,9144.5,758796
2020-01-27,9077,9077,8925.5,8954.5,8954.5,792705
2020-01-28,8952.5,9136.25,8952.5,9105.25,9105.25,632550
2020-01-29,9119.5,9158.75,9072.25,9098.5,9098.5,578408
2020-01-30,9111.25,9240,9003.5,9216.25,9216.25,846585
2020-01-31,9226.5,9248.75,8966,8997.75,8997.75,898384
2020-02-03,8982.75,9155.75,8975,9114.25,9114.25,680726
2020-02-04,9099,9369.25,9073,9355,9355,563913
2020-02-05,9357,9462.75,9317.75,9381.5,9381.5,729548
2020-02-06,9390,9464,9362.5,9455.5,9455.5,545054
2020-02-07,9467,9471,9385,9409.5,9409.5,592695
2020-02-10,9401.5,9531.5,9330.75,9527.5,9527.5,500147
2020-02-11,9525,9609.5,9501.25,9527.25,9527.25,589570
2020-02-12,9536.25,9628.25,9523.75,9625.75,9625.75,454472
2020-02-13,9621.5,9644.75,9511.25,9613,9613,613580
2020-02-14,9626.25,9659.25,9588,9632.25,9632.25,489387
2020-02-18,9635,9687.5,9534.25,9636,9636,668505
2020-02-19,9643.25,9748.75,9641.25,9733.5,9733.5,419130
2020-02-20,9744.75,9763,9517,9624.25,9624.25,802424
2020-02-21,9617.25,9623.75,9411.5,9458,9458,911839
2020-02-24,9355.25,9365,9041.25,9091,9091,1171879
2020-02-25,9091,9224.25,8810,8854.25,8854.25,1344897
2020-02-26,8868.25,9037.5,8709.5,8850.25,8850.25,1251412
2020-02-27,8811.5,8878.5,8334.25,8382.75,8382.75,1580041
2020-02-28,8347,8574.75,8126.25,8454,8454,1527204
2020-03-02,8349.25,8883.25,8224.25,8791.25,8791.25,1373357
2020-03-03,8830.5,9002.5,8511,8582.5,8582.5,1295648
2020-03-04,8557.5,8950,8508.25,8896.5,8896.5,939032
2020-03-05,8889,8899.75,8610.75,8648.75,8648.75,954104
2020-03-06,8677,8726.5,8310.5,8503.25,8503.25,1097279
2020-03-09,8369,8375,7820,7951.5,7951.5,560913
2020-03-10,7893.75,8378.75,7814.25,8331.5,8331.5,982070
2020-03-11,8317,8334.25,7892.75,8003.5,8003.5,990236
2020-03-12,7998.75,8108,7128.5,7215.25,7215.25,876291
2020-03-13,7100,7978,6942.5,7915.75,7915.75,584274
2020-03-16,7903,7905.25,6927,7057.5,7057.5,307368
2020-03-17,7053,7552.25,6948.75,7405.25,7405.25,317501
2020-03-18,7386,7392.25,6830,7225.25,7225.25,156283
2020-03-19,7251.75,7521.5,6894.25,7293.5,7293.5,115519
2020-03-20,7195,7649,7153.5,7417.97998,7417.97998,562616
2020-03-23,6798,7316.25,6628.75,6984.5,6984.5,633237
2020-03-24,7005.75,7572.25,7005.75,7554.75,7554.75,556553
2020-03-25,7544.75,7761,7371.5,7467.75,7467.75,656698
2020-03-26,7483.5,7893.5,7310.25,7844,7844,567711
2020-03-27,7882.75,7893.25,7551.25,7568.5,7568.5,443315
2020-03-30,7395.75,7884,7365,7854.75,7854.75,419576
2020-03-31,7856.75,7995,7747.5,7786.25,7786.25,424386
2020-04-01,7772.5,7773.5,7404.25,7438.75,7438.75,411364
2020-04-02,7473.5,7656.25,7376,7627.25,7627.25,436829
2020-04-03,7623,7660.25,7423.5,7522.75,7522.75,351874
2020-04-06,7535.75,8099,7535.5,8029.75,8029.75,396874
2020-04-07,8034.25,8303.25,7948,8012,8012,531043
2020-04-08,8015,8242,7953.25,8189.75,8189.75,424380
2020-04-09,8195.25,8326.25,8101.75,8227.5,8227.5,522648
2020-04-13,8296,8338.75,8073.25,8327.25,8327.25,385072
2020-04-14,8337,8710,8319,8692.5,8692.5,431916
2020-04-15,8706.25,8707.5,8486.5,8594,8594,407752
2020-04-16,8576,8842.5,8500.5,8734.25,8734.25,539163
2020-04-17,8909.75,8966.75,8689.5,8809,8809,509555
2020-04-20,8799.5,8846,8687,8692,8692,427981
2020-04-21,8695,8763,8342,8431.75,8431.75,582449
2020-04-22,8447,8700,8400,8638,8638,373067
2020-04-23,8636.25,8786.5,8580.5,8598.75,8598.75,435112
2020-04-24,8588.25,8780.25,8498.25,8769,8769,380231
2020-04-27,8766,8898,8730,8824.25,8824.25,355545
2020-04-28,8819,8945.75,8654.5,8719.75,8719.75,440939
2020-04-29,8759.25,9118.75,8733.75,9036.5,9036.5,432414
2020-04-30,9109.5,9144.75,8856.5,8988.5,8988.5,462961
2020-05-01,8847,8879,8672,8718,8718,414560
2020-05-04,8624,8828,8556.25,8795.5,8795.5,381914
2020-05-05,8806.25,9020,8798.5,8924.25,8924.25,367233
2020-05-06,8928.5,9056.5,8877.75,8952,8952,414045
2020-05-07,8947.5,9126,8930.25,9107.75,9107.75,383884
2020-05-08,9115,9238,9103.25,9218.25,9218.25,362315
2020-05-11,9194.75,9339,9118.5,9279,9279,398142
2020-05-12,9282,9345.5,9040.5,9078.25,9078.25,500539
2020-05-13,9045.75,9202.75,8878.25,8992.25,8992.25,703290
2020-05-14,9012.75,9104,8847,9079.5,9079.5,639071
2020-05-15,9085.5,9148.5,8925.5,9096.5,9096.5,537250
2020-05-18,9135,9361.5,9110.25,9325.5,9325.5,398562
2020-05-19,9316.25,9417.25,9283.75,9300.75,9300.75,392499
2020-05-20,9289.75,9498,9273,9485.5,9485.5,369922
2020-05-21,9494.75,9510.75,9352,9355.75,9355.75,429220
2020-05-22,9360.5,9422.5,9241.5,9406.25,9406.25,365377
2020-05-26,9396.25,9604,9373,9406.5,9406.5,486546
2020-05-27,9409,9508,9172.5,9432.5,9432.5,560524
2020-05-28,9436.5,9565.5,9320.5,9460.25,9460.25,510617
2020-05-29,9453.5,9590.5,9372,9560.25,9560.25,529700
2020-06-01,9513,9605.75,9450.25,9595,9595,345593
2020-06-02,9590,9670,9504.75,9647.75,9647.75,389908
2020-06-03,9657.5,9728.25,9635.5,9684.75,9684.75,376694
2020-06-04,9685.5,9742.5,9572.25,9626.25,9626.25,462358
2020-06-05,9643.5,9846.25,9601.75,9808.5,9808.5,513656
2020-06-08,9819,9901,9747,9884.75,9884.75,391647
2020-06-09,9887.25,10005.25,9811.5,9951,9951,437442
2020-06-10,9960,10155.5,9958.5,10087.25,10087.25,557713
2020-06-11,10086.25,10107,9584.5,9616.75,9616.75,828944
2020-06-12,9616,9849.25,9494.75,9645,9645,508840
2020-06-15,9536.75,9815.5,9381.75,9800.5,9800.5,319211
2020-06-16,9812.5,10013.75,9797.75,9972.5,9972.5,216305
2020-06-17,9961.75,10059,9927,9994.5,9994.5,100473
2020-06-18,9995.25,10040.75,9879.5,9995.75,9995.75,67457
2020-06-19,9997.25,10123.25,9997.25,10120.83984,10120.83984,518436
2020-06-22,9868,10134.5,9843.5,10124.75,10124.75,354768
2020-06-23,10121.5,10296.25,9972.25,10196,10196,406477
2020-06-24,10183,10242,9927.25,10010.75,10010.75,661645
2020-06-25,10005.25,10107,9885.5,10088.25,10088.25,514249
2020-06-26,10087,10120.5,9824.25,9865.5,9865.5,576150
2020-06-29,9785.5,9997,9728.75,9973.75,9973.75,479544
2020-06-30,9983,10171.5,9940.25,10147.25,10147.25,422348
2020-07-01,10141,10310,10076,10268.75,10268.75,402791
2020-07-02,10258.5,10422.25,10246.5,10355.75,10355.75,404764
2020-07-06,10352,10614.5,10308.75,10598.5,10598.5,486369
2020-07-07,10600,10694.5,10505.75,10532.25,10532.25,465212
2020-07-08,10526,10673,10505.25,10662.25,10662.25,481023
2020-07-09,10674.25,10774.25,10560,10727.5,10727.5,607385
2020-07-10,10727,10847.5,10625.5,10837.25,10837.25,527570
2020-07-13,10848.25,11058.5,10561.5,10600,10600,736178
2020-07-14,10602,10693,10358.75,10646.25,10646.25,915009
2020-07-15,10706,10766.5,10551.25,10683.25,10683.25,719947
2020-07-16,10693,10698.25,10475.5,10511.75,10511.75,628898
2020-07-17,10532.25,10669.75,10523.75,10622.5,10622.5,443143
2020-07-20,10621.25,10964.5,10546.25,10951,10951,496402
2020-07-21,10952.25,11058,10784.75,10851,10851,587994
2020-07-22,10850.75,10916.25,10761.25,10804.25,10804.25,483851
2020-07-23,10850,10938.5,10514.5,10548.25,10548.25,644189
2020-07-24,10565.5,10597,10301,10459,10459,652482
2020-07-27,10490,10684,10401,10675.25,10675.25,444802
2020-07-28,10682.5,10758.5,10514,10540,10540,445252
2020-07-29,10558,10699.75,10512.25,10674.25,10674.25,368010
2020-07-30,10700,10897.25,10502.75,10794,10794,521157
2020-07-31,10906.5,10939,10691,10890.5,10890.5,631553
2020-08-03,10933.25,11073,10876.25,11044.25,11044.25,389622
2020-08-04,11054,11094.75,10983,11086,11086,395698
2020-08-05,11080.5,11144,11055.75,11091.75,11091.75,348822
2020-08-06,11094,11271.75,11051.25,11261.25,11261.25,420437
2020-08-07,11260.5,11283.25,11035.25,11122.75,11122.75,532554
2020-08-10,11140.25,11156.5,10928.25,11072,11072,485730
2020-08-11,11072.25,11157.75,10845.5,10878.5,10878.5,561748
2020-08-12,10928.5,11185.75,10878.5,11126,11126,434240
2020-08-13,11115.5,11266,11094.25,11175.25,11175.25,413661
2020-08-14,11180.5,11237.75,11096,11133.75,11133.75,398616
2020-08-17,11145,11300.5,11142.25,11286.75,11286.75,246403
2020-08-18,11285.5,11415.25,11268,11409.25,11409.25,326816
2020-08-19,11414.25,11438,11299,11332,11332,410893
2020-08-20,11327,11496.5,11221.5,11477.25,11477.25,401137
2020-08-21,11480,11573.5,11407,11562,11562,414226
2020-08-24,11581,11722.5,11528.25,11636.25,11636.25,617004
2020-08-25,11636,11742.25,11574.75,11726.25,11726.25,495891
2020-08-26,11739.5,12001.5,11726.75,11991.25,11991.25,578801
2020-08-27,11984.5,12046,11834.75,11952.75,11952.75,709346
2020-08-28,11953.25,12018.25,11920.5,11991.75,11991.75,489066
2020-08-31,12002.75,12165,11988.25,12114,12114,480979
2020-09-01,12109.75,12328.75,12093,12312.5,12312.5,518997
2020-09-02,12325.5,12465.25,12172.25,12411.5,12411.5,725395
2020-09-03,12408.5,12438.75,11658.5,11800.5,11800.5,931583
2020-09-04,11745,11843,11142,11548.75,11548.75,1202274
2020-09-08,11531,11585,11040.5,11060.5,11060.5,1012392
2020-09-09,11006,11478.75,10935.25,11392.75,11392.75,720954
2020-09-10,11377.75,11566.75,11088,11178.25,11178.25,885270
2020-09-11,11187,11356.25,10937.5,11061.5,11061.5,495802
2020-09-14,11104,11362.75,11104,11280.5,11280.5,322360
2020-09-15,11278.5,11495.5,11247.75,11464.25,11464.25,224404
2020-09-16,11467.5,11550,11237.5,11268.75,11268.75,167828
2020-09-17,11269.5,11302.5,10918.75,11090,11090,157390
2020-09-18,11082,11179.25,11037.25,11144.80957,11144.80957,800279
2020-09-21,10920,11009.75,10656.5,10989,10989,727984
2020-09-22,10966.25,11191,10897.5,11149.5,11149.5,573572
2020-09-23,11160.5,11222,10786,10829,10829,656111
2020-09-24,10803.5,11011.75,10660.25,10891.75,10891.75,791934
2020-09-25,10914.25,11166.25,10813.75,11136.5,11136.5,600725
2020-09-28,11145,11404,11140.25,11394.75,11394.75,568217
2020-09-29,11388,11448.75,11289.5,11337.75,11337.75,444170
2020-09-30,11321,11526,11167,11407.25,11407.25,647968
2020-10-01,11375,11599.25,11375,11574.75,11574.75,580589
2020-10-02,11566.75,11604.75,11204.5,11233.25,11233.25,806629
2020-10-05,11308.5,11497.5,11267.5,11469.25,11469.25,398444
2020-10-06,11473,11524.5,11197.5,11273.75,11273.75,612278
2020-10-07,11220.5,11506.5,11208,11470,11470,443046
2020-10-08,11473.25,11578.75,11469.75,11539,11539,403379
2020-10-09,11562,11739,11552.5,11724.75,11724.75,408445
2020-10-12,11722.75,12197,11687.75,12098.25,12098.25,756438
2020-10-13,12100,12249,12019,12094,12094,754735
2020-10-14,12079.75,12178,11901.75,11974.25,11974.25,597198
2020-10-15,11950,11983.25,11736.5,11874,11874,595926
2020-10-16,11891,12022,11792,11798,11798,527026
2020-10-19,11816.75,11950.5,11591.25,11650.25,11650.25,623203
2020-10-20,11697.5,11792,11598.5,11660.75,11660.75,622702
2020-10-21,11675.25,11779.25,11585,11691.25,11691.25,599851
2020-10-22,11683.5,11724,11511,11649.75,11649.75,583669
2020-10-23,11669.25,11691.75,11551,11663.5,11663.5,501243
2020-10-26,11634,11695.5,11343.25,11492.25,11492.25,674142
2020-10-27,11499.5,11623,11478.25,11588,11588,551642
2020-10-28,11558.5,11566.75,11123.75,11132.75,11132.75,749420
2020-10-29,11180.5,11457.75,11145,11342.75,11342.75,606325
2020-10-30,11213.25,11281.25,10944.5,11046.25,11046.25,801978
2020-11-02,11034.5,11212,10942.25,11063.25,11063.25,602651
2020-11-03,11074.75,11347,11064.5,11265.75,11265.75,509496
2020-11-04,11264,11843.75,11230.25,11763,11763,842617
2020-11-05,11830,12119.5,11771.25,12076.5,12076.5,578443
2020-11-06,12088.5,12109,11868.25,12075,12075,552483
2020-11-09,12139.25,12408.75,11812.25,11820.5,11820.5,731881
2020-11-10,11863.5,11901.5,11503.25,11618.25,11618.25,834533
2020-11-11,11632.25,11917.75,11575.25,11886,11886,546218
2020-11-12,11898.5,11975.75,11775.75,11820,11820,554930
2020-11-13,11857,11952.75,11801.75,11933.5,11933.5,445512
2020-11-16,11957.25,12065,11851.75,12005,12005,471101
2020-11-17,12061.25,12096.25,11953.75,11975,11975,401505
2020-11-18,11972,12027.5,11861.5,11897,11897,475826
2020-11-19,11876,12000,11804.5,11987.25,11987.25,421691
2020-11-20,11960,12021,11873.5,11905.75,11905.75,358180
2020-11-23,11894,12001.75,11808.25,11905.25,11905.25,425777
2020-11-24,11909.75,12104.5,11872.75,12076,12076,401635
2020-11-25,12098.5,12177.75,12077.5,12152.25,12152.25,386232
2020-11-27,null,null,null,null,null,null
2020-11-30,12286.5,12337.25,12086,12277,12277,493064
2020-12-01,12336,12512.25,12312,12452.25,12452.25,464023
2020-12-02,12456.25,12473.5,12312.5,12454.25,12454.25,400405
2020-12-03,12472,12540.25,12444,12462.25,12462.25,376884
2020-12-04,12487,12535.75,12448.5,12526,12526,321796
2020-12-07,12525,12612.25,12474.75,12596,12596,323774
2020-12-08,12574,12652.5,12502,12637.5,12637.5,365422
2020-12-09,12657.25,12675,12306.75,12367,12367,635769
2020-12-10,12342.75,12449,12218.25,12402,12402,529843
2020-12-11,12391,12414.25,12234.25,12368,12368,361860
2020-12-14,12405.5,12545,12386.5,12456.5,12456.5,296143
2020-12-15,12460.5,12604.75,12417,12591.75,12591.75,223263
2020-12-16,12599.5,12699.75,12567.75,12665.25,12665.25,153920
2020-12-17,12677,12766.25,12667.5,12751,12751,84472
2020-12-18,12744.25,12823,12708,12800.05957,12800.05957,460979
2020-12-21,12760,12782.5,12461,12683.5,12683.5,606583
2020-12-22,12698.25,12760,12593.5,12710,12710,457270
2020-12-23,12704.75,12738.75,12623.5,12651.25,12651.25,358011
2020-12-24,null,null,null,null,null,null
2020-12-28,12676.25,12855.5,12655.25,12832.75,12832.75,346691
2020-12-29,12845.25,12918.25,12808.25,12841,12841,393995
2020-12-30,12860.75,12909.75,12820.5,12841.5,12841.5,334304
2020-12-31,12840,12896,12796.5,12885.5,12885.5,280573
2021-01-04,12889,12959.75,12522.5,12685.5,12685.5,650472
2021-01-05,12682.75,12809,12612,12793.5,12793.5,483173
2021-01-06,12800.25,12844.25,12491.25,12616.75,12616.75,755618
2021-01-07,12658.5,12959,12646.5,12928,12928,435939
2021-01-08,12927,13125,12919,13097.25,13097.25,508107
2021-01-11,13093.25,13105.25,12871.75,12897,12897,454751
2021-01-12,12910.75,12959,12767.25,12890.25,12890.25,461733
2021-01-13,12882.5,13003,12820.75,12972.25,12972.25,416295
2021-01-14,12975.5,13028.75,12881,12901,12901,417583
2021-01-15,12909,12931.25,12743.5,12802.25,12802.25,539769
2021-01-19,12774.25,13032.75,12727,12985.5,12985.5,481603
2021-01-20,13030,13327,13017,13294.25,13294.25,438765
2021-01-21,13288.5,13423.5,13283.25,13395.5,13395.5,421922
2021-01-22,13394,13402.25,13300.25,13361.5,13361.5,407706
2021-01-25,13370,13554.5,13189,13475.5,13475.5,663844
2021-01-26,13459.75,13599.75,13380.25,13485.5,13485.5,502390
2021-01-27,13551,13586.5,12884.75,13105.5,13105.5,786471
2021-01-28,13052.5,13394,12906.25,13186,13186,623570
2021-01-29,13156,13188,12829,12911.25,12911.25,738848
2021-02-01,12849,13271.5,12727.25,13236.5,13236.5,549549
2021-02-02,13232.5,13509.75,13230.5,13449,13449,491671
2021-02-03,13506,13584.5,13386.75,13394.25,13394.25,499098
2021-02-04,13429.5,13568.75,13345.25,13547.5,13547.5,408023
2021-02-05,13560,13638.5,13519.5,13598,13598,431935
2021-02-08,13623.75,13693,13596,13683,13683,393927
2021-02-09,13683.5,13735.25,13634,13680.25,13680.25,367116
2021-02-10,13698,13769.25,13516.75,13643.5,13643.5,552643
2021-02-11,13662,13743.75,13612.5,13729,13729,495131
2021-02-12,13711.25,13820.75,13646,13804.75,13804.75,392927
2021-02-16,13829.5,13900.5,13716,13767.75,13767.75,604657
2021-02-17,13758.25,13785,13543,13699.75,13699.75,583565
2021-02-18,13699.5,13723.25,13468,13633,13633,574576
2021-02-19,13638.25,13729,13534.75,13576,13576,535194
2021-02-22,13585,13629,13215,13224.25,13224.25,648527
2021-02-23,13227,13335.75,12757.25,13192,13192,873273
2021-02-24,13170.75,13334,12958,13302,13302,673353
2021-02-25,13304.75,13353.75,12764,12831.75,12831.75,894521
2021-02-26,12802.5,13089.5,12662.25,12911,12911,841911
2021-03-01,12957.5,13318,12946.25,13279.75,13279.75,513852
2021-03-02,13312.25,13328.25,13048.25,13055.25,13055.25,563138
2021-03-03,13061.25,13192,12663.25,12681.75,12681.75,756448
2021-03-04,12682,12797,12306.5,12455,12455,1049493
2021-03-05,12435,12697.75,12207.25,12663.75,12663.75,1016317
2021-03-08,12715,12761.25,12281.75,12297.25,12297.25,749028
2021-03-09,12345.75,12867.5,12326,12788.75,12788.75,644022
2021-03-10,12812,12993.25,12703,12749.25,12749.25,715961
2021-03-11,12795.25,13119.25,12724.25,13048.25,13048.25,526139
2021-03-12,13055,13095,12768.25,12933.5,12933.5,476352
2021-03-15,12950,13099,12872,13078.5,13078.5,297629
2021-03-16,13084.75,13298,13056.5,13151.5,13151.5,240942
2021-03-17,13174.75,13283.25,12946.5,13201.5,13201.5,202697
2021-03-18,13200.5,13279,12777.5,12795.5,12795.5,121108
2021-03-19,12818.25,12919,12732.75,12808.75977,12808.75977,641117
2021-03-22,12807,13157,12788.5,13071.75,13071.75,478667
2021-03-23,13069,13172,12979,13006.25,13006.25,604250
2021-03-24,13050.25,13145.25,12784,12794,12794,626538
2021-03-25,12803,12859.5,12609.75,12770.5,12770.5,745797
2021-03-26,12799.75,12988.5,12676.25,12966.75,12966.75,622214
2021-03-29,12975.75,13003,12807.5,12944.5,12944.5,574193
2021-03-30,12975,12984,12776.5,12878.25,12878.25,516408
2021-03-31,12894.75,13158,12858.25,13089.75,13089.75,478398
2021-04-01,13094.5,13332.5,13090.25,13316,13316,436489
2021-04-05,13339,13615,13304.25,13585.5,13585.5,356725
2021-04-06,13603.75,13655,13524.25,13570,13570,457218
2021-04-07,13580.5,13641,13512.5,13604.75,13604.75,434828
2021-04-08,13620.75,13789.75,13615.5,13747.75,13747.75,435060
2021-04-09,13786.5,13841.75,13648.25,13829.5,13829.5,494768
2021-04-12,13817.75,13832.25,13732,13808.75,13808.75,453968
2021-04-13,13825,13994,13772.75,13975.75,13975.75,485938
2021-04-14,13977.75,14029,13772.75,13798.75,13798.75,662204
2021-04-15,13827,14034.25,13789.25,14014,14014,524814
2021-04-16,14002,14059.5,13952.75,14029.5,14029.5,500612
2021-04-19,13989,14052.25,13821,13897.25,13897.25,613719
2021-04-20,13900,13933.75,13719.25,13794.25,13794.25,606019
2021-04-21,13740,13926.5,13700.5,13919.25,13919.25,510093
2021-04-22,13896.5,13944.75,13701.75,13750.25,13750.25,623942
2021-04-23,13757,13981,13737,13927,13927,450885
2021-04-26,13919.75,14039.25,13865.5,14011.5,14011.5,403664
2021-04-27,14024.75,14050,13912.5,13953,13953,412801
2021-04-28,13955.5,13993.5,13878,13892.25,13892.25,501596
2021-04-29,13973.5,14064,13818.5,13953.5,13953.5,595555
2021-04-30,13948.25,13956.75,13819.75,13850,13850,555237
2021-05-03,13880.25,13947.5,13772,13790,13790,473913
2021-05-04,13785,13792.5,13380.75,13536,13536,667316
2021-05-05,13525.75,13665.5,13462.75,13491,13491,520694
2021-05-06,13484,13611.5,13388.75,13597.75,13597.75,567452
2021-05-07,13614.5,13818,13588.25,13709.75,13709.75,550632
2021-05-10,13718,13752,13305.5,13356.75,13356.75,603725
2021-05-11,13316.5,13375.75,13065.25,13346,13346,787639
2021-05-12,13321.25,13351.75,12959.75,12998.5,12998.5,760916
2021-05-13,12968.75,13223.75,12915,13100.25,13100.25,727348
2021-05-14,13095,13426.25,13071,13387,13387,468758
2021-05-17,13380.25,13448.5,13182.75,13303.5,13303.5,488299
2021-05-18,13308.5,13432.25,13178.5,13212,13212,442088
2021-05-19,13182,13243,12954.25,13233.5,13233.5,669351
2021-05-20,13220.5,13522.75,13150.75,13486.5,13486.5,465782
2021-05-21,13492.5,13570,13395.75,13405,13405,457735
2021-05-24,13383.25,13686,13356.5,13635.25,13635.25,368611
2021-05-25,13656.5,13738.75,13606.75,13656.25,13656.25,436157
2021-05-26,13670.25,13728.5,13656,13700.25,13700.25,343069
2021-05-27,13702.5,13720.75,13620.25,13665.5,13665.5,388603
2021-05-28,13694.75,13763.5,13662.75,13686.5,13686.5,366218
2021-06-01,13699,13773,13592.25,13648.75,13648.75,448000
2021-06-02,13653.25,13712.75,13603.25,13673.75,13673.75,371449
2021-06-03,13679.5,13707.75,13462.25,13529.25,13529.25,552987
2021-06-04,13531.75,13783.75,13467.75,13766.75,13766.75,446994
2021-06-07,13773.25,13824,13691.5,13804.25,13804.25,397545
2021-06-08,13823,13917.25,13741.75,13811.5,13811.5,482546
2021-06-09,13813,13904.25,13803.5,13814.25,13814.25,376893
2021-06-10,13817,13976.5,13726,13959.75,13959.75,492336
2021-06-11,13975.5,13997.75,13932.25,13994.25,13994.25,257733
2021-06-14,13999,14133.5,13965.25,14124.75,14124.75,229733
2021-06-15,14119.5,14163,14009.25,14030.25,14030.25,178164
2021-06-16,14046.75,14103.75,13840,13981.25,13981.25,124322
2021-06-17,13948.5,14217.75,13850.25,14165.5,14165.5,113875
2021-06-18,14183.75,14214.25,14063.5,14107.42969,14107.42969,575363
2021-06-21,14022.75,14144,13958.5,14130,14130,503663
2021-06-22,14136.75,14279.25,14066.5,14258.25,14258.25,420968
2021-06-23,14274,14315.75,14231.75,14263,14263,366489
2021-06-24,14275.25,14422,14270,14354.25,14354.25,409864
2021-06-25,14365.75,14394.25,14313.25,14339,14339,379758
2021-06-28,14350,14519.75,14333.25,14512.5,14512.5,376860
2021-06-29,14504.5,14584.75,14468.75,14563,14563,360169
2021-06-30,14584.75,14598.5,14518.25,14549,14549,384458
2021-07-01,14558.5,14606.25,14471,14548.5,14548.5,436419
2021-07-02,14543.75,14729,14513.25,14713.75,14713.75,392168
2021-07-06,14704.25,14790,14625.25,14775.5,14775.5,557682
2021-07-07,14764.5,14883.75,14726.25,14802.25,14802.25,471450
2021-07-08,14812,14822,14540.5,14712.25,14712.25,631207
2021-07-09,14710.25,14832,14640.75,14810.5,14810.5,424770
2021-07-12,14824,14888.5,14785,14869.25,14869.25,362608
2021-07-13,14880,14994.75,14794.5,14865,14865,506392
2021-07-14,14869.75,14996,14841.25,14891.75,14891.75,499191
2021-07-15,14895,14962.75,14708.25,14787.5,14787.5,634785
2021-07-16,14778.5,14869.5,14656,14670.5,14670.5,634785
